Fighter,Elo,Last_Fight,Weight Class,Is_Champion,Title_Defenses,Is_Former_Champion,Status,Record
Islam Makhachev,1705.4388053289338,2026-08-15,Welterweight,True,1,False,Champion (1 defenses),18-1-0
Valentina Shevchenko,1683.0711752723903,2025-11-15,Women's Flyweight,True,2,False,Champion (2 defenses),15-3-1
Merab Dvalishvili,1546.9193188729814,2025-12-06,Bantamweight,True,2,False,Champion (2 defenses),14-3-0
Alexander Volkanovski,1542.817352976067,2026-01-31,Featherweight,True,1,False,Champion (1 defenses),15-3-0
Alexandre Pantoja,1436.8914590997601,2025-12-06,Flyweight,True,1,False,Champion (1 defenses),14-4-0
Ilia Topuria,1436.5197755172162,2026-06-14,Lightweight,True,0,False,Champion (0 defenses),9-1-0
Alex Pereira,1436.036406458369,2026-06-14,Heavyweight,True,0,False,Champion (0 defenses),10-3-0
Tom Aspinall,1421.0047516452717,2025-10-25,Heavyweight,True,1,False,Champion (1 defenses),8-1-1
Khamzat Chimaev,1400.0987079355057,2026-05-09,Middleweight,True,0,False,Champion (0 defenses),9-1-0
Mackenzie Dern,1392.0091186076459,2026-08-15,Women's Strawweight,True,1,False,Champion (1 defenses),12-5-0
Kamaru Usman,1340.7975653645765,2026-07-18,Middleweight,False,0,True,Former Champion,16-4-0
Justin Gaethje,1334.6808447349686,2026-06-14,Lightweight,False,0,True,Former Champion,11-5-0
Dricus Du Plessis,1333.5359932616761,2026-07-18,Middleweight,False,0,True,Former Champion,10-1-0
Aljamain Sterling,1317.8710840923513,2026-04-25,Featherweight,False,0,True,Former Champion,18-5-0
Ciryl Gane,1317.3784942914767,2026-06-14,Heavyweight,False,0,True,Former Champion,11-2-1
Jon Jones,1305.5369011854798,2024-11-16,Heavyweight,False,0,True,Former Champion,22-1-1
Sean Strickland,1297.9162563843286,2026-05-09,Middleweight,False,0,True,Former Champion,18-7-0
Kayla Harrison,1290.9339059836786,2025-06-07,Women's Bantamweight,True,0,False,Champion (0 defenses),3-0-0
Max Holloway,1289.9977135465429,2026-07-11,Welterweight,False,0,True,Former Champion,24-9-0
Magomed Ankalaev,1280.1526840794036,2026-07-25,Light Heavyweight,False,0,True,Former Champion,13-2-2
Sean O'Malley,1264.634478713777,2026-06-14,Bantamweight,False,0,True,Former Champion,12-3-1
Belal Muhammad,1238.5270971836353,2026-06-06,Welterweight,False,0,True,Former Champion,15-6-1
Charles Oliveira,1230.8471135428538,2026-03-07,Lightweight,False,0,True,Former Champion,25-11-1
Jack Della Maddalena,1230.6597618204726,2026-05-02,Welterweight,False,0,True,Former Champion,8-2-0
Robert Whittaker,1215.6234475233439,2026-07-11,Light Heavyweight,False,0,True,Former Champion,18-7-0
Conor McGregor,1214.4075187839057,2026-07-11,Welterweight,False,0,True,Former Champion,10-5-0
Tatiana Suarez,1207.908236780182,2026-04-11,Women's Strawweight,False,0,True,Former Champion,9-1-0
Israel Adesanya,1202.5258046820807,2026-03-28,Middleweight,False,0,True,Former Champion,13-6-0
Joshua Van,1196.761527644354,2026-05-09,Flyweight,False,0,False,,10-1-0
Alexander Volkov,1185.619484076964,2026-05-09,Heavyweight,False,0,False,,14-5-0
Michael Chiesa,1185.440432996914,2026-03-28,Welterweight,False,0,True,Former Champion,15-7-0
Brendan Allen,1181.8268054919652,2026-06-06,Middleweight,False,0,False,,15-4-0
Song Yadong,1174.9871760694464,2026-08-29,Bantamweight,False,0,False,,13-4-1
Deiveson Figueiredo,1172.0282376095568,2026-05-30,Bantamweight,False,0,True,Former Champion,14-7-1
Sean Brady,1170.035781119854,2026-05-09,Welterweight,False,0,False,,9-2-0
Jan Blachowicz,1169.0986000683088,2026-08-01,Light Heavyweight,False,0,True,Former Champion,12-9-2
Mario Bautista,1168.7490411333918,2026-07-11,Bantamweight,False,0,False,,12-3-0
Carlos Ulberg,1165.2547034558143,2026-04-11,Light Heavyweight,False,0,False,,10-1-0
Ian Machado Garry,1164.3749165455113,2026-08-15,Welterweight,False,0,False,,10-2-0
Carlos Prates,1163.3635689673513,2026-05-02,Welterweight,False,0,False,,7-1-0
Alexa Grasso,1162.7087646818566,2026-03-28,Women's Flyweight,False,0,True,Former Champion,9-5-1
Movsar Evloev,1154.4049662569105,2026-03-21,Featherweight,False,0,False,,10-0-0
Gregory Rodrigues,1152.4356343721488,2026-08-22,Middleweight,False,0,False,,11-3-0
Grant Dawson,1151.2627938862088,2026-05-09,Lightweight,False,0,False,,12-2-1
Arnold Allen,1147.6284460201252,2026-05-16,Featherweight,False,0,False,,12-3-0
Gabriel Bonfim,1146.8095751430524,2026-06-06,Welterweight,False,0,False,,7-1-0
Daniil Donchenko,1146.4314974545446,2026-06-27,Welterweight,False,0,True,Former Champion,3-0-0
Jiri Prochazka,1138.877303138777,2026-04-11,Light Heavyweight,False,0,True,Former Champion,6-3-0
Quillan Salkilld,1135.0612216189252,2026-08-08,Lightweight,False,0,False,,6-0-0
Sergei Pavlovich,1132.8472026069549,2026-05-30,Heavyweight,False,0,False,,9-3-0
Paddy Pimblett,1129.6897633309156,2026-07-11,Lightweight,False,0,False,,8-1-0
Farid Basharat,1129.4073430683347,2026-07-11,Bantamweight,False,0,False,,7-0-0
Manel Kape,1129.3301643140596,2026-06-20,Flyweight,False,0,False,,8-3-0
Pat Sabatini,1125.6988606707084,2026-05-09,Featherweight,False,0,False,,9-2-0
Umar Nurmagomedov,1125.4521815063963,2026-08-29,Bantamweight,False,0,False,,8-2-0
Joaquin Buckley,1123.2493097412778,2026-05-09,Welterweight,False,0,False,,11-6-0
Waldo Cortes Acosta,1122.5211679340605,2026-05-09,Heavyweight,False,0,False,,10-3-0
Beneil Dariush,1121.6418678104103,2026-05-02,Lightweight,False,0,False,,17-8-1
Christian Leroy Duncan,1120.5746471398563,2026-07-18,Middleweight,False,0,False,,8-2-0
Benoit Saint Denis,1118.1911011870934,2026-07-11,Lightweight,False,0,False,,9-4-0
Diego Lopes,1118.151062488558,2026-06-14,Featherweight,False,0,False,,7-3-0
Raoni Barcelos,1116.243663954517,2026-04-25,Bantamweight,False,0,False,,11-4-0
Anthony Hernandez,1114.5907705037598,2026-08-22,Middleweight,False,0,False,,9-4-0
Jake Matthews,1113.691879449214,2026-05-30,Welterweight,False,0,False,,16-8-0
Petr Yan,1113.6761409532444,2025-12-06,Bantamweight,False,0,True,Former Champion,12-4-0
Bryce Mitchell,1113.4668924983855,2026-06-06,Bantamweight,False,0,False,,10-3-0
Navajo Stirling,1112.4092618115465,2026-08-01,Light Heavyweight,False,0,False,,6-0-0
Cory Sandhagen,1111.599354023263,2026-07-11,Bantamweight,False,0,False,,11-6-0
Mike Malott,1111.3099861347432,2026-04-18,Welterweight,False,0,False,,7-1-0
Uros Medic,1109.8952747979872,2026-08-01,Welterweight,False,0,False,,8-3-0
Mateusz Gamrot,1109.7401910226056,2026-08-08,Lightweight,False,0,False,,9-5-0
Asu Almabayev,1108.8227580234125,2026-06-27,Flyweight,False,0,False,,7-1-0
Norma Dumont,1107.9336227413244,2026-04-25,Women's Bantamweight,False,0,False,,9-3-0
Aiemann Zahabi,1106.49697472812,2026-06-14,Bantamweight,False,0,False,,8-3-0
Cody Garbrandt,1106.2742218845701,2026-07-11,Bantamweight,False,0,True,Former Champion,10-8-0
Neil Magny,1105.4854812921226,2026-08-15,Welterweight,False,0,False,,25-13-0
Denise Gomes,1104.2172278039413,2026-08-29,Women's Strawweight,False,0,False,,7-2-0
Tatsuro Taira,1103.0602063127865,2026-05-09,Flyweight,False,0,False,,8-2-0
Vitor Petrino,1100.8373582554796,2026-08-22,Heavyweight,False,0,False,,8-2-0
Steve Garcia,1097.4667017816178,2026-06-14,Featherweight,False,0,False,,8-3-0
Curtis Blaydes,1097.376204006612,2026-04-11,Heavyweight,False,0,False,,14-6-1
Lerone Murphy,1096.4225049398528,2026-03-21,Featherweight,False,0,False,,9-1-1
Renato Moicano,1096.31871118011,2026-04-04,Lightweight,False,0,False,,13-7-0
Joe Pyfer,1096.0438487839185,2026-03-28,Middleweight,False,0,False,,7-1-0
Ikram Aliskerov,1095.891735112944,2026-06-27,Middleweight,False,0,False,,5-1-0
Kelvin Gastelum,1095.7960176515928,2026-04-11,Middleweight,False,0,True,Former Champion,14-11-1
King Green,1095.7946519056554,2026-07-11,Lightweight,False,0,False,,17-12-2
Jasmine Jasudavicius,1095.7101689187532,2026-04-18,Women's Flyweight,False,0,False,,9-3-0
Rose Namajunas,1094.3233207293617,2026-01-24,Women's Flyweight,False,0,True,Former Champion,12-7-0
Fares Ziam,1093.7385100013266,2026-06-06,Lightweight,False,0,False,,8-3-0
Josh Hokit,1093.3243070195042,2026-06-14,Heavyweight,False,0,False,,4-0-0
Luana Santos,1092.6556165384454,2026-06-20,Women's Bantamweight,False,0,False,,6-1-0
Kyoji Horiguchi,1092.0016259378015,2026-06-20,Flyweight,False,0,False,,9-2-0
Daniel Rodriguez,1091.9281562051733,2026-08-01,Welterweight,False,0,False,,10-5-0
Shara Magomedov,1091.405344336608,2026-06-27,Middleweight,False,0,False,,6-1-0
Gillian Robertson,1090.6046191854823,2026-08-15,Women's Strawweight,False,0,False,,14-7-0
Bo Nickal,1089.486804018735,2026-06-14,Middleweight,False,0,False,,6-1-0
Joselyne Edwards,1088.9994104619266,2026-04-25,Women's Bantamweight,False,0,False,,9-4-0
Chris Padilla,1088.0396808090434,2026-08-22,Lightweight,False,0,False,,5-0-1
Vinicius Oliveira,1087.405436455344,2026-06-20,Featherweight,False,0,False,,5-1-0
Ketlen Vieira,1087.321395673223,2026-05-16,Women's Bantamweight,False,0,False,,10-5-0
Melquizael Costa,1087.311450338206,2026-05-16,Featherweight,False,0,False,,7-3-0
Ateba Gautier,1086.8080681364277,2026-05-09,Middleweight,False,0,False,,5-0-0
Stipe Miocic,1086.3537910340106,2024-11-16,Heavyweight,False,0,True,Former Champion,14-5-0
Sean Woodson,1086.258598002215,2026-08-29,Featherweight,False,0,False,,8-2-1
Vicente Luque,1086.2456486960696,2026-08-15,Middleweight,False,0,False,,17-9-0
Leon Edwards,1086.2197521376213,2025-11-15,Welterweight,False,0,True,Former Champion,14-5-1
Joanderson Brito,1086.009583585787,2026-06-06,Featherweight,False,0,False,,7-3-0
Zhang Weili,1085.6795716582608,2025-11-15,Women's Flyweight,False,0,True,Former Champion,10-3-0
Reinier de Ridder,1085.3664886552895,2026-08-22,Light Heavyweight,False,0,False,,5-2-0
Brandon Moreno,1084.7557271333958,2026-02-28,Flyweight,False,0,True,Former Champion,11-7-2
Maycee Barber,1083.5945991834574,2026-03-28,Women's Flyweight,False,0,False,,10-3-0
Rafael Fiziev,1083.3193069026381,2026-06-27,Lightweight,False,0,False,,8-5-0
Montel Jackson,1082.4841334464904,2026-04-25,Bantamweight,False,0,False,,9-4-0
Jeremiah Wells,1081.89788862115,2026-08-15,Welterweight,False,0,False,,6-2-0
Mauricio Ruffy,1080.581969962708,2026-06-14,Lightweight,False,0,False,,5-1-0
Tom Nolan,1080.207674262415,2026-06-06,Lightweight,False,0,False,,5-1-0
Alexia Thainara,1079.2237207297642,2026-08-08,Women's Strawweight,False,0,False,,4-0-0
Marcus McGhee,1079.0972454597209,2026-06-06,Bantamweight,False,0,False,,5-1-0
Nathaniel Wood,1079.0111592578025,2026-03-21,Featherweight,False,0,False,,11-3-0
Dom Mar Fan,1078.9090131272217,2026-05-02,Lightweight,False,0,True,Former Champion,1-1-0
Nurullo Aliev,1078.5745671983223,2026-07-25,Lightweight,False,0,False,,4-0-0
Rafa Garcia,1078.488272342448,2026-04-25,Lightweight,False,0,False,,7-4-0
Brandon Royval,1077.5569560383583,2026-07-11,Flyweight,False,0,False,,8-5-0
Nursulton Ruziboev,1077.0294301601766,2026-06-27,Middleweight,False,0,False,,5-1-0
Diego Ferreira,1076.6348775550298,2026-08-08,Lightweight,False,0,False,,11-7-0
Valter Walker,1075.3518024690804,2026-07-25,Heavyweight,False,0,False,,5-1-0
Wang Cong,1075.3352593615843,2026-07-11,Women's Flyweight,False,0,False,,5-1-0
Jalin Turner,1073.8391306245135,2026-08-15,Lightweight,False,0,False,,9-6-0
Alonzo Menifield,1073.675121437969,2026-05-30,Light Heavyweight,False,0,False,,11-6-1
Dominick Reyes,1073.250687488772,2026-04-11,Light Heavyweight,False,0,False,,10-5-0
Youssef Zalal,1073.061498560155,2026-04-25,Featherweight,False,0,False,,8-4-1
Virna Jandiroba,1072.9455490250941,2026-04-04,Women's Strawweight,False,0,False,,9-4-0
Caio Borralho,1072.4578152728523,2026-03-07,Middleweight,False,0,False,,8-1-0
Joel Alvarez,1071.2984756098892,2026-08-15,Welterweight,False,0,False,,8-4-0
Azamat Murzakanov,1071.2042599091117,2026-04-11,Light Heavyweight,False,0,False,,6-1-0
Randy Brown,1070.7119025034897,2026-04-11,Welterweight,False,0,False,,14-8-0
Cub Swanson,1068.2241008685667,2026-04-11,Featherweight,False,0,False,,16-10-0
Fatima Kline,1068.0611401344756,2026-07-18,Women's Strawweight,False,0,False,,4-1-0
Paulo Costa,1067.503754335073,2026-04-11,Light Heavyweight,False,0,False,,8-4-0
Jacqueline Cavalcanti,1066.9934087983002,2026-05-16,Women's Bantamweight,False,0,False,,5-1-0
Sam Patterson,1066.1251795804394,2026-07-25,Welterweight,False,0,False,,5-2-0
MarQuel Mederos,1064.1812915783908,2026-08-22,Lightweight,False,0,False,,4-0-1
Jose Delgado,1064.1260568339194,2026-07-18,Featherweight,False,0,False,,4-1-0
Jacob Malkoun,1064.0316010258202,2026-05-02,Middleweight,False,0,False,,6-3-0
Andre Lima,1063.640977151011,2026-08-29,Flyweight,False,0,False,,5-1-0
Nasrat Haqparast,1063.373005242778,2026-08-22,Lightweight,False,0,False,,10-6-0
Myktybek Orolbai,1063.063532417687,2026-08-15,Welterweight,False,0,False,,5-2-0
Jonathan Micallef,1062.971902508072,2026-05-02,Welterweight,False,0,False,,3-0-0
Ramazan Temirov,1062.6747174968389,2026-07-25,Flyweight,False,0,False,,3-0-0
SuYoung You,1062.4057294620443,2026-03-14,Bantamweight,False,0,True,Former Champion,3-1-0
Jaqueline Amorim,1062.365989107522,2026-05-30,Women's Strawweight,False,0,False,,5-2-0
Derrick Lewis,1061.6172979421165,2026-06-14,Heavyweight,False,0,False,,20-12-0
Baisangur Susurkaev,1061.3464776635,2026-05-09,Middleweight,False,0,False,,3-0-0
Cam Rowston,1061.151579430772,2026-05-02,Middleweight,False,0,False,,3-0-0
Dooho Choi,1060.614779402036,2026-05-16,Featherweight,False,0,False,,6-3-1
Abus Magomedov,1060.5084508840457,2026-06-27,Middleweight,False,0,False,,5-3-0
Yaroslav Amosov,1060.2840155782583,2026-05-09,Welterweight,False,0,False,,2-0-0
Luke Riley,1059.9922641434266,2026-07-11,Featherweight,False,0,False,,3-0-0
Manuel Torres,1059.9704207030215,2026-06-27,Lightweight,False,0,False,,5-2-0
Brando Pericic,1059.8579733308218,2026-05-02,Heavyweight,False,0,False,,3-0-0
Jared Cannonier,1059.3956976556224,2026-07-18,Middleweight,False,0,False,,11-10-0
Bia Mesquita,1058.962259775687,2026-06-20,Women's Bantamweight,False,0,False,,3-0-0
Adrian Yanez,1058.9467459657344,2026-07-11,Bantamweight,False,0,False,,7-3-1
Edmen Shahbazyan,1058.647372581307,2026-06-06,Middleweight,False,0,False,,9-6-0
Carli Judice,1057.5709440160902,2026-08-22,Women's Flyweight,False,0,False,,4-1-0
Serghei Spivac,1056.594140705374,2026-08-22,Heavyweight,False,0,False,,9-7-0
William Gomis,1056.5709638713358,2026-05-09,Featherweight,False,0,False,,5-2-0
Ludovit Klein,1056.147515502693,2026-08-01,Lightweight,False,0,False,,8-4-1
Modestas Bukauskas,1056.0255183590914,2026-05-16,Catch Weight,False,0,False,,8-5-0
Abdul Rakhman Yakhyaev,1054.6110551254874,2026-06-27,Light Heavyweight,False,0,False,,3-0-0
Talita Alencar,1054.323966221157,2026-04-25,Women's Strawweight,False,0,False,,4-1-0
Donte Johnson,1054.104754882853,2026-08-15,Middleweight,False,0,False,,3-0-0
Chase Hooper,1053.8534496511836,2026-07-18,Lightweight,False,0,False,,9-5-0
Aleksandar Rakic,1053.7116634113838,2026-08-01,Heavyweight,False,0,False,,7-5-0
Esteban Ribovics,1053.5352729430078,2026-08-15,Lightweight,False,0,False,,5-3-0
Khaos Williams,1053.0210104727148,2026-05-16,Welterweight,False,0,False,,7-4-0
Alexander Hernandez,1052.8878358902869,2026-04-25,Lightweight,False,0,False,,10-8-0
Michel Pereira,1052.5932424898715,2026-06-27,Middleweight,False,0,False,,10-6-0
Nikita Krylov,1052.306822102509,2026-07-11,Light Heavyweight,False,0,False,,12-10-0
Alden Coria,1051.9045152776378,2026-07-18,Flyweight,False,0,False,,3-0-0
Iwo Baraniewski,1051.1597756821632,2026-06-06,Light Heavyweight,False,0,False,,3-0-0
JJ Aldrich,1051.0656658583234,2026-04-18,Women's Flyweight,False,0,False,,11-6-0
Roman Dolidze,1050.8347333138286,2026-08-22,Light Heavyweight,False,0,False,,9-6-0
Roman Kopylov,1050.6227124107838,2026-05-09,Middleweight,False,0,False,,7-5-0
Ryan Spann,1050.4143239406696,2026-04-25,Heavyweight,False,0,False,,10-6-0
Kevin Holland,1049.6217921451207,2026-04-11,Welterweight,False,0,False,,16-12-1
Jamall Emmers,1049.4334090268544,2026-08-22,Featherweight,False,0,False,,6-4-0
Tracy Cortez,1049.3314627534407,2026-07-11,Women's Flyweight,False,0,False,,6-3-0
Charles Jourdain,1048.323089973672,2026-04-18,Bantamweight,False,0,False,,9-7-1
Yan Xiaonan,1047.9001560862316,2026-08-29,Women's Strawweight,False,0,False,,9-5-0
Natalia Silva,1047.8523444312204,2026-01-24,Women's Flyweight,False,0,False,,8-0-0
Dustin Jacoby,1046.772716267635,2026-07-25,Light Heavyweight,False,0,False,,10-7-1
Charles Johnson,1045.8070718258618,2026-08-15,Catch Weight,False,0,False,,9-7-0
Jim Miller,1045.7346045946424,2026-05-09,Lightweight,False,0,False,,28-18-1
Jean Matsumoto,1045.659032661519,2026-06-27,Bantamweight,False,0,False,,4-2-0
Davey Grant,1045.452172889491,2026-04-25,Bantamweight,False,0,False,,9-7-0
Bogdan Guskov,1043.941618175987,2026-07-25,Light Heavyweight,False,0,False,,4-2-1
Sumudaerji,1043.65090028182,2026-08-29,Flyweight,False,0,False,,7-4-1
Chris Duncan,1043.4389027769414,2026-04-04,Lightweight,False,0,False,,6-2-0
Jean-Paul Lebosnoyani,1043.0128051954423,2026-07-18,Welterweight,False,0,False,,2-0-0
Alessandro Costa,1042.4008063433475,2026-07-11,Flyweight,False,0,False,,5-3-0
Yadier del Valle,1042.2728881434655,2026-08-08,Featherweight,False,0,False,,3-1-0
Daniel Santos,1042.26661435511,2026-05-16,Featherweight,False,0,False,,4-2-0
Dione Barbosa,1041.837359982724,2026-07-18,Women's Flyweight,False,0,False,,4-2-0
Tommy McMillen,1041.2536824028168,2026-07-18,Featherweight,False,0,False,,2-0-0
Gilbert Burns,1041.0148631388686,2026-04-18,Welterweight,False,0,False,,15-10-0
Damian Pinas,1040.992828249214,2026-07-11,Middleweight,False,0,False,,2-0-0
Rizvan Kuniev,1040.947842704439,2026-07-25,Heavyweight,False,0,False,,2-1-0
Mike Davis,1040.831808711933,2026-07-25,Lightweight,False,0,False,,5-3-0
Henry Cejudo,1040.7371700812175,2025-12-06,Bantamweight,False,0,True,Former Champion,10-6-0
Manoel Sousa,1040.2518470065559,2026-08-08,Lightweight,False,0,False,,2-0-0
Marcin Tybura,1040.2082589420531,2026-08-01,Heavyweight,False,0,False,,14-11-0
Michael Page,1039.8137840867823,2026-03-21,Welterweight,False,0,False,,4-1-0
Stephanie Luciano,1039.7937946451068,2026-08-01,Women's Strawweight,False,0,False,,3-1-0
Marwan Rahiki,1039.7042367207637,2026-05-02,Featherweight,False,0,False,,2-0-0
Santiago Ponzinibbio,1039.1812562379682,2026-07-25,Welterweight,False,0,False,,12-9-0
Darren Elkins,1038.6963975450021,2026-08-08,Featherweight,False,0,False,,19-12-0
Ty Miller,1038.3028778874557,2026-08-08,Welterweight,False,0,False,,2-0-0
Shanelle Dyer,1038.0443665114642,2026-08-22,Women's Strawweight,False,0,False,,2-0-0
Kevin Vallejos,1038.019491593722,2026-03-14,Featherweight,False,0,False,,4-0-0
Rei Tsuruya,1037.9732269947442,2026-08-29,Flyweight,False,0,False,,3-1-0
Cody Haddon,1037.5949760305377,2026-05-30,Bantamweight,False,0,False,,2-0-0
Marcio Barbosa,1037.466799238422,2026-08-22,Featherweight,False,0,False,,2-0-0
Tabatha Ricci,1037.418032300126,2026-07-18,Women's Strawweight,False,0,False,,7-5-0
Brunno Ferreira,1037.3805359807943,2026-06-27,Middleweight,False,0,False,,6-4-0
Ryan Gandra,1036.3369566427402,2026-07-11,Middleweight,False,0,False,,2-0-0
Allan Nascimento,1036.2717018859305,2026-06-20,Flyweight,False,0,False,,4-2-0
Christian Rodriguez,1036.1756177277323,2026-06-20,Featherweight,False,0,False,,6-4-0
Tofiq Musayev,1035.3987008275667,2026-08-01,Lightweight,False,0,False,,2-1-0
Karol Rosa,1034.5564900150632,2026-06-20,Women's Bantamweight,False,0,False,,8-5-0
Loopy Godinez,1033.4644096256666,2026-04-11,Women's Strawweight,False,0,False,,9-6-0
Michelle Montague,1033.0572591014177,2026-04-25,Women's Bantamweight,False,0,False,,2-0-0
Loma Lookboonmee,1032.2037179754702,2026-05-30,Women's Strawweight,False,0,False,,7-4-0
Jordan Leavitt,1031.9634250134054,2026-06-06,Featherweight,False,0,False,,6-4-0
Raul Rosas Jr.,1031.218153206913,2026-03-07,Bantamweight,False,0,False,,6-1-0
Chidi Njokuani,1030.447763953753,2026-08-15,Welterweight,False,0,False,,6-5-0
Edgar Chairez,1030.26308439478,2026-06-06,Flyweight,False,0,False,,4-2-1
Terrance McKinney,1030.1139041093634,2026-07-11,Lightweight,False,0,False,,8-6-0
Michal Oleksiejczuk,1030.1080639771803,2026-06-27,Middleweight,False,0,False,,10-8-1
Amanda Lemos,1029.4859434832292,2026-08-08,Women's Strawweight,False,0,False,,9-7-0
Casey O'Neill,1029.363001747204,2026-03-28,Women's Flyweight,False,0,False,,6-2-0
Shamil Gaziev,1027.8769663337278,2026-08-22,Heavyweight,False,0,False,,4-3-0
Muhammad Saidov,1027.8689105789706,2026-07-25,Light Heavyweight,False,0,False,,1-0-0
Charles Radtke,1027.4620615927702,2026-04-11,Welterweight,False,0,False,,5-2-0
Nazim Sadykhov,1026.536473890874,2026-06-27,Lightweight,False,0,False,,4-2-1
Ailin Perez,1025.7372006948074,2026-02-28,Women's Bantamweight,False,0,False,,6-1-0
Ketlen Souza,1025.0365500520445,2026-06-06,Women's Strawweight,False,0,False,,4-3-0
Hector Santiago,1024.615353722119,2026-08-29,Bantamweight,False,0,False,,1-0-0
Jared Gordon,1024.0109774320601,2026-05-09,Lightweight,False,0,False,,9-8-1
Karine Silva,1023.907555919734,2026-04-18,Women's Flyweight,False,0,False,,5-3-0
Tresean Gore,1023.5090229144503,2026-08-15,Middleweight,False,0,False,,4-4-0
Seokhyeon Ko,1023.3839541846542,2026-07-18,Welterweight,False,0,False,,2-1-0
Juan Diaz,1023.2905931510281,2026-05-16,Bantamweight,False,0,False,,1-0-0
Lone'er Kavanagh,1023.2896229031095,2026-07-11,Flyweight,False,0,False,,3-2-0
Steven Asplund,1022.5952052266764,2026-08-08,Heavyweight,False,0,False,,2-1-0
Mateusz Rebecki,1022.4959038884382,2026-08-01,Lightweight,False,0,False,,5-4-0
Ricky Simon,1022.2044531423044,2026-03-28,Bantamweight,False,0,False,,10-6-1
Tommy Gantt,1022.0,2026-05-16,Lightweight,False,0,False,,1-0-0
Tahir Abdullayev,1022.0,2026-06-27,Welterweight,False,0,False,,1-0-0
Bilal Hasan,1022.0,2026-08-29,Flyweight,False,0,False,,1-0-0
Murtazali Magomedov,1021.7948649403182,2026-06-20,Featherweight,False,0,False,,1-0-0
Benardo Sopaj,1021.6621634161612,2026-05-16,Bantamweight,False,0,False,,2-1-0
Michael Oliveira,1021.5129934933942,2026-08-01,Welterweight,False,0,False,,1-0-0
Stan Dorsainvil,1021.498566127555,2026-08-22,Lightweight,False,0,False,,1-0-0
Jovan Leka,1020.6,2026-08-01,Heavyweight,False,0,False,,1-0-0
Levan Chokheli,1020.6,2026-06-20,Welterweight,False,0,False,,1-0-0
Noah Gugnon,1020.6,2026-08-01,Lightweight,False,0,False,,1-0-0
Rodrigo Vera,1020.6,2026-05-30,Featherweight,False,0,False,,1-0-0
Luis Felipe Dias,1020.6,2026-05-30,Middleweight,False,0,False,,1-0-0
Anthony Wint,1020.6,2026-08-22,Heavyweight,False,0,False,,1-0-0
Matheus Camilo,1020.5318546214936,2026-06-27,Lightweight,False,0,False,,2-1-0
Lucas Fernando,1020.2333415484704,2026-08-15,Light Heavyweight,False,0,False,,1-0-0
Shane Collins,1020.0,2026-06-20,Featherweight,False,0,False,,1-0-0
Jose Souza,1020.0,2026-05-30,Welterweight,False,0,False,,1-0-0
Ezra Elliott,1020.0,2026-07-18,Featherweight,False,0,False,,1-0-0
Magomed Zaynukov,1020.0,2026-07-25,Lightweight,False,0,False,,1-0-0
Carol Foro,1020.0,2026-08-08,Women's Strawweight,False,0,False,,1-0-0
Ethyn Ewing,1019.6996644020396,2026-04-04,Bantamweight,False,0,False,,2-0-0
Kaue Fernandes,1019.5794636470364,2026-08-15,Lightweight,False,0,False,,3-2-0
Jose Montanha,1019.5302801679629,2026-08-08,Heavyweight,False,0,False,,1-0-0
Borislav Nikolic,1019.2951777534096,2026-08-01,Bantamweight,False,0,False,,1-0-0
RJ Harris,1019.2655819916242,2026-07-18,Heavyweight,False,0,False,,1-0-0
Gable Steveson,1019.1145560342826,2026-07-11,Heavyweight,False,0,False,,1-0-0
Santiago Luna,1019.0638845289652,2026-06-06,Bantamweight,False,0,False,,2-1-0
Liu Ce,1018.924270052054,2026-08-29,Light Heavyweight,False,0,False,,1-0-0
Abubakar Vagaev,1018.8127977390799,2026-07-25,Welterweight,False,0,False,,1-0-0
Cam Nelson,1018.5992727442999,2026-08-29,Welterweight,False,0,False,,1-0-0
Axel Sola,1018.5037499383802,2026-07-25,Lightweight,False,0,False,,2-1-0
Farman Hasanov,1018.4612398107477,2026-06-27,Welterweight,False,0,False,,1-0-0
Francesco Nuzzi,1018.4047758669774,2026-08-29,Bantamweight,False,0,False,,1-0-0
Mario Pinto,1018.1982743815317,2026-03-21,Heavyweight,False,0,False,,3-0-0
Kyler Phillips,1017.6173634627709,2026-04-18,Bantamweight,False,0,False,,6-4-0
Abdul Hussein,1017.2611131349685,2026-07-25,Bantamweight,False,0,False,,1-0-0
Magomed Tuchalov,1016.835236858121,2026-07-25,Light Heavyweight,False,0,False,,1-0-0
Mason Jones,1016.5804883749264,2026-08-22,Lightweight,False,0,False,,4-3-1
Nina Milosevic,1016.4505631877929,2026-08-01,Women's Bantamweight,False,0,False,,1-0-0
Kaan Ofli,1016.2602665803814,2026-06-27,Featherweight,False,0,False,,3-2-0
Alice Ardelean,1015.3747357152569,2026-05-16,Women's Strawweight,False,0,False,,3-2-0
Steve Erceg,1015.329544945426,2026-07-25,Flyweight,False,0,False,,5-4-0
Colby Thicknesse,1015.0777484303621,2026-05-02,Bantamweight,False,0,False,,2-1-0
Miles Johns,1014.9989919273823,2026-08-08,Featherweight,False,0,False,,7-5-1
Victor Valenzuela,1014.7143627705058,2026-04-25,Welterweight,False,0,False,,1-0-0
Zhang Mingyang,1014.5797810404696,2026-05-30,Light Heavyweight,False,0,False,,3-2-0
Tim Elliott,1014.2294875479542,2026-05-02,Flyweight,False,0,False,,10-12-0
Francis Marshall,1014.1588733791733,2026-04-25,Lightweight,False,0,False,,4-3-0
Yousri Belgaroui,1014.081841221497,2026-03-28,Middleweight,False,0,False,,2-0-0
Mairon Santos,1013.7333602621064,2025-12-06,Featherweight,False,0,True,Former Champion,4-0-0
Melissa Croden,1013.508769999152,2026-04-18,Women's Bantamweight,False,0,False,,2-1-0
Johnny Walker,1012.9746493076711,2026-04-11,Light Heavyweight,False,0,False,,8-7-1
Andre Petroski,1012.2221523078169,2026-05-16,Middleweight,False,0,False,,8-5-0
Angela Hill,1012.0637120961447,2026-05-30,Women's Strawweight,False,0,False,,14-16-0
Julia Polastri,1011.4797842465754,2026-08-29,Women's Strawweight,False,0,False,,3-3-0
Arman Tsarukyan,1011.1014671114895,2025-11-22,Lightweight,False,0,False,,10-2-0
Tallison Teixeira,1011.0259692898192,2026-05-30,Heavyweight,False,0,False,,2-2-0
Alex Perez,1010.3872043541143,2026-08-29,Flyweight,False,0,False,,8-7-1
Ramiz Brahimaj,1010.2049323971247,2026-08-15,Welterweight,False,0,False,,5-5-0
Jack Jenkins,1009.7575318052399,2026-08-29,Featherweight,False,0,False,,4-3-0
Elijah Smith,1009.5187584313695,2026-03-14,Bantamweight,False,0,False,,3-0-0
Gaston Bolanos,1009.0036038031604,2026-06-20,Featherweight,False,0,False,,3-2-0
Gokhan Saricam,1008.8797661849788,2026-04-18,Heavyweight,False,0,False,,1-0-0
Lawrence Lui,1008.384646277881,2026-08-29,Bantamweight,False,0,False,,1-1-0
Jose Ochoa,1008.1858642088735,2026-05-09,Flyweight,False,0,False,,2-2-0
Edson Barboza,1007.7796412327323,2026-08-15,Lightweight,False,0,False,,18-15-0
Mitch Raposo,1007.7344408402399,2026-06-20,Flyweight,False,0,False,,2-2-0
Kai Asakura,1007.6521190849303,2026-08-29,Bantamweight,False,0,False,,2-2-0
Carlston Harris,1007.3259647076308,2026-05-30,Welterweight,False,0,False,,4-4-0
Piera Rodriguez,1007.307086485741,2026-03-14,Women's Strawweight,False,0,False,,5-2-0
Jamey-Lyn Horth,1007.2684895056443,2026-04-18,Women's Flyweight,False,0,False,,4-3-0
Felipe Franco,1006.1649251176934,2026-07-18,Light Heavyweight,False,0,False,,1-1-0
Rafael Estevam,1005.1321547699738,2026-04-04,Bantamweight,False,0,False,,3-1-0
Rob Font,1004.4834132542476,2026-03-07,Bantamweight,False,0,False,,12-9-0
Jean Silva,1004.4689498930438,2026-01-24,Featherweight,False,0,False,,6-1-0
Jailton Almeida,1004.2748958484868,2026-02-07,Heavyweight,False,0,False,,8-3-0
Drew Dober,1004.1580814654101,2026-03-07,Lightweight,False,0,False,,15-11-1
Jackson McVey,1004.1064182260426,2026-08-22,Middleweight,False,0,False,,2-2-0
Tyrell Fortune,1003.9073757551815,2026-07-25,Heavyweight,False,0,False,,1-1-0
Lerryan Douglas,1003.8313562145811,2026-08-22,Featherweight,False,0,False,,1-1-0
David Martinez,1003.7886935292584,2026-02-28,Bantamweight,False,0,False,,3-0-0
Ignacio Bahamondes,1002.9762751983669,2026-03-28,Lightweight,False,0,False,,6-4-0
Rodolfo Vieira,1002.0103526447012,2026-04-25,Middleweight,False,0,False,,6-5-0
Kody Steele,1001.9820122664861,2026-05-02,Lightweight,False,0,False,,1-1-0
Kai Kamaka III,1000.7665147863685,2026-07-11,Featherweight,False,0,False,,1-1-0
Gauge Young,1000.4582948133741,2026-08-22,Lightweight,False,0,False,,2-2-0
Diyar Nurgozhay,1000.4064127782746,2026-08-08,Light Heavyweight,False,0,False,,2-2-0
Chelsea Chandler,1000.0766730914135,2026-06-06,Women's Bantamweight,False,0,False,,3-3-0
Themba Gorimbo,999.7138250742379,2026-05-02,Welterweight,False,0,False,,4-4-0
Javier Reyes,999.7062953602184,2026-06-27,Featherweight,False,0,False,,1-1-0
Bogdan Grad,999.5398801016919,2026-08-01,Featherweight,False,0,False,,2-2-0
Jeisla Chaves,999.1557650909429,2026-08-22,Women's Flyweight,False,0,False,,1-1-0
Marco Tulio,998.8867359047838,2026-05-09,Middleweight,False,0,False,,2-2-0
Marlon Vera,998.380666406752,2026-02-28,Bantamweight,False,0,False,,15-11-0
Kennedy Nzechukwu,998.3375487259603,2026-08-22,Heavyweight,False,0,False,,8-7-1
Alberto Montes,997.8575753083605,2026-07-18,Featherweight,False,0,False,,1-1-0
Danny Silva,997.2697169918458,2026-03-21,Featherweight,False,0,False,,3-1-0
Juliana Miller,997.2262861793664,2026-08-08,Women's Flyweight,False,0,False,,3-3-0
Andre Fili,997.044974663729,2026-06-20,Featherweight,False,0,False,,13-13-1
Hyder Amil,996.3803329265133,2026-06-20,Featherweight,False,0,False,,3-3-0
Cesar Almeida,995.6055357487278,2026-07-11,Middleweight,False,0,False,,3-3-0
Dan Hooker,994.8537859081163,2026-01-31,Lightweight,False,0,False,,14-10-0
Thiago Moises,994.7124170747629,2026-04-18,Lightweight,False,0,False,,8-8-0
Billy Quarantillo,994.4382130195412,2026-08-08,Lightweight,False,0,False,,6-6-0
Kyle Daukaus,994.3661055326493,2026-06-14,Middleweight,False,0,False,,4-5-1
Jafel Filho,994.2699566426086,2026-04-25,Bantamweight,False,0,False,,3-3-0
Josh Emmett,994.0010626926879,2026-03-14,Featherweight,False,0,False,,10-7-0
Ion Cutelaba,993.9217814173239,2026-06-20,Light Heavyweight,False,0,False,,9-11-1
Mansur Abdul-Malik,993.7207405699297,2026-08-15,Middleweight,False,0,False,,3-2-1
Melsik Baghdasaryan,993.0946515576112,2026-06-20,Featherweight,False,0,False,,3-3-0
Malcolm Wellmaker,992.0330848675263,2026-05-16,Bantamweight,False,0,False,,2-2-0
Jose Delano,991.7229123297496,2026-04-04,Featherweight,False,0,False,,1-0-0
Julian Erosa,991.5449085935888,2026-03-28,Featherweight,False,0,False,,9-9-0
Thomas Petersen,989.7217718941276,2026-07-25,Heavyweight,False,0,False,,3-4-0
Aaron Pico,989.5839906027271,2026-04-11,Featherweight,False,0,False,,1-1-0
Robert Bryczek,989.2557509888923,2026-05-02,Middleweight,False,0,False,,1-2-0
Daria Zhelezniakova,988.9055261375747,2026-04-18,Women's Bantamweight,False,0,False,,2-2-0
Oban Elliott,988.8701560971647,2026-08-01,Welterweight,False,0,False,,3-3-0
Jacobe Smith,987.8487767359769,2026-02-21,Welterweight,False,0,False,,3-0-0
John Castaneda,987.6703604200598,2026-04-18,Catch Weight,False,0,False,,4-4-1
Austin Bashi,987.4057299049765,2026-07-18,Featherweight,False,0,False,,1-2-0
John Garza,987.263571517227,2026-07-11,Bantamweight,False,0,False,,0-1-0
Zach Reese,987.1796792035694,2026-07-11,Middleweight,False,0,False,,4-4-1
Gilbert Urbina,986.9417190549972,2026-08-01,Middleweight,False,0,False,,2-3-0
Michael Chandler,986.2017442648327,2026-06-14,Lightweight,False,0,False,,2-6-0
Eric McConico,985.3605082415185,2026-08-15,Middleweight,False,0,False,,2-3-0
Timmy Cuamba,985.3108627415997,2026-05-16,Bantamweight,False,0,False,,2-3-0
Punahele Soriano,985.2672276853152,2026-02-21,Welterweight,False,0,False,,7-4-0
Ozzy Diaz,984.981430614773,2026-05-09,Middleweight,False,0,False,,1-2-0
Max Griffin,984.6152060971608,2026-04-25,Welterweight,False,0,False,,8-11-0
John Yannis,984.4600758328733,2026-06-06,Bantamweight,False,0,False,,1-2-0
Eryk Anders,984.190552471333,2026-03-14,Middleweight,False,0,False,,10-9-1
Nicolle Caliari,983.497927057397,2026-05-16,Women's Strawweight,False,0,False,,1-2-0
Geoff Neal,982.8301468668678,2026-02-21,Welterweight,False,0,False,,8-6-0
Djorden Santos,982.5596402685788,2026-05-09,Middleweight,False,0,False,,1-2-0
Christian Edwards,982.5549239277736,2026-05-16,Catch Weight,False,0,False,,0-1-0
Melissa Mullins,982.3233637047731,2026-06-20,Women's Bantamweight,False,0,False,,2-3-0
Theodor Berggren,981.844131521642,2026-06-27,Welterweight,False,0,False,,0-1-0
Richie Miranda,981.4511960715197,2026-08-08,Lightweight,False,0,False,,0-1-0
Namsrai Batbayar,981.2577280402979,2026-08-29,Flyweight,False,0,False,,0-1-0
Anna Melisano,980.9698518245032,2026-07-18,Women's Flyweight,False,0,False,,0-1-0
Wes Schultz,980.9233943963395,2026-08-22,Middleweight,False,0,False,,1-2-0
Marina Spasic,980.8205704161162,2026-08-01,Women's Strawweight,False,0,False,,0-1-0
Ollie Schmid,980.8140188507275,2026-05-02,Featherweight,False,0,False,,0-1-0
Ryan Kuse,980.6500884857919,2026-08-22,Featherweight,False,0,False,,0-1-0
Michael Morales,980.147725242074,2025-11-15,Welterweight,False,0,False,,7-0-0
Jai Herbert,980.1404921392725,2026-04-18,Lightweight,False,0,False,,4-5-1
Damien Anderson,980.0,2026-07-18,Featherweight,False,0,False,,0-1-0
Otari Tanzilovi,980.0,2026-06-20,Featherweight,False,0,False,,0-1-0
Damian Rzepecki,980.0,2026-07-25,Lightweight,False,0,False,,0-1-0
Gigi Canuto,980.0,2026-08-08,Women's Strawweight,False,0,False,,0-1-0
Eduardo Chapolin,979.8856935223537,2026-08-15,Catch Weight,False,0,False,,0-1-0
Leon Shahbazyan,979.4,2026-06-20,Welterweight,False,0,False,,0-1-0
Milos Janicic,979.4,2026-08-01,Lightweight,False,0,False,,0-1-0
YiSak Lee,979.4,2026-05-30,Middleweight,False,0,False,,0-1-0
Terrance Chatman,979.4,2026-08-22,Heavyweight,False,0,False,,0-1-0
Alexander Poppeck,979.4,2026-08-01,Heavyweight,False,0,False,,0-1-0
Zhu Kangjie,979.4,2026-05-30,Featherweight,False,0,False,,0-1-0
Ariane Carnelossi,978.376922990593,2026-06-06,Women's Strawweight,False,0,False,,3-4-0
Clayton Carpenter,978.0983588930575,2026-05-09,Flyweight,False,0,False,,2-3-0
Nilson Rojas,978.0,2026-08-29,Flyweight,False,0,False,,0-1-0
Jefferson Nascimento,978.0,2026-06-27,Welterweight,False,0,False,,0-1-0
Artur Minev,978.0,2026-05-16,Lightweight,False,0,False,,0-1-0
Guilherme Pat,977.8119412135753,2026-08-08,Heavyweight,False,0,False,,1-2-0
Dustin Stoltzfus,977.2624425506955,2026-08-15,Middleweight,False,0,False,,4-7-0
Robert Valentin,977.1084450058303,2026-08-01,Middleweight,False,0,False,,2-3-0
Sam Hughes,977.0348258277872,2026-03-14,Women's Strawweight,False,0,False,,6-6-0
Colby Covington,977.0315117328952,2024-12-14,Welterweight,False,0,True,Former Champion,12-5-0
Vlasto Cepo,976.8491613451638,2026-08-01,Middleweight,False,0,False,,0-1-0
Lance Gibson Jr.,976.6307949808036,2026-03-28,Lightweight,False,0,False,,1-1-0
Ben Johnston,976.457092203429,2026-05-02,Middleweight,False,0,False,,0-1-0
Adrian Luna Martinetti,976.3820125194902,2026-04-25,Bantamweight,False,0,False,,0-1-0
Shauna Bannon,976.1135221059426,2026-05-16,Women's Strawweight,False,0,False,,2-3-0
Chris Curtis,975.9473196313706,2026-03-14,Welterweight,False,0,False,,6-5-1
Mantas Kondratavicius,975.3384084458742,2026-03-21,Middleweight,False,0,False,,1-0-0
Lucas Brennan,974.1564819012937,2026-04-25,Lightweight,False,0,False,,0-1-0
Melissa Gatto,974.0325515319364,2026-04-04,Women's Flyweight,False,0,False,,3-3-0
Alice Pereira,973.8168970195419,2026-04-04,Women's Bantamweight,False,0,False,,1-1-0
Andrey Pulyaev,970.9250002703727,2026-06-27,Middleweight,False,0,False,,1-3-0
Hecher Sosa,970.7950421194298,2026-03-14,Bantamweight,False,0,False,,1-0-0
Bekzat Almakhan,970.7275509391895,2026-06-27,Bantamweight,False,0,False,,1-3-0
Mark Vologdin,970.7048222465904,2026-08-01,Bantamweight,False,0,False,,0-1-1
Gabriella Fernandes,970.5533812963408,2026-03-28,Women's Flyweight,False,0,False,,3-3-0
Amir Albazi,970.3394176839663,2026-02-07,Flyweight,False,0,False,,5-2-0
Ismael Bonfim,970.2997387106832,2026-07-25,Lightweight,False,0,False,,2-4-0
Erin Blanchfield,969.7311846850445,2025-11-15,Women's Flyweight,False,0,False,,8-1-0
Nikolay Veretennikov,968.824558530287,2026-05-16,Welterweight,False,0,False,,2-4-0
Raquel Pennington,967.8196520374353,2024-10-05,Women's Bantamweight,False,0,True,Former Champion,13-6-0
Oumar Sy,967.146565818112,2026-03-14,Light Heavyweight,False,0,False,,3-2-0
Louie Sutherland,966.5973811373243,2026-08-08,Heavyweight,False,0,False,,1-3-0
Julius Walker,966.3704358431476,2026-06-27,Light Heavyweight,False,0,False,,1-3-0
Tai Tuivasa,966.1864479263625,2026-05-02,Heavyweight,False,0,False,,8-10-0
Nate Landwehr,966.0164780371032,2026-04-11,Featherweight,False,0,False,,5-6-0
Azamat Bekoev,965.850802296769,2026-04-04,Middleweight,False,0,False,,2-2-0
Tanner Boser,965.3520548426827,2026-04-18,Heavyweight,False,0,False,,5-6-0
Jamie Siraj,965.240022779524,2026-04-18,Bantamweight,False,0,False,,0-1-0
Ivan Erslan,965.0581334023586,2026-05-16,Light Heavyweight,False,0,False,,1-3-0
Mandel Nallo,964.6867532496054,2026-04-18,Lightweight,False,0,False,,0-1-0
Brad Tavares,964.363461265933,2026-03-14,Middleweight,False,0,False,,16-12-0
Saygid Izagakhmaev,964.2699405852253,2026-07-25,Welterweight,False,0,False,,0-2-0
Cody Brundage,964.0207516055682,2026-05-16,Middleweight,False,0,False,,6-8-2
Kyle Nelson,963.5312725533548,2026-03-28,Lightweight,False,0,False,,5-6-1
Michael Aswell Jr.,962.859011195423,2026-06-20,Featherweight,False,0,False,,1-3-0
Bruno Lopes,962.5529576811227,2026-08-08,Light Heavyweight,False,0,False,,1-3-0
Xiong Jingnan,962.3793687242782,2026-08-29,Women's Strawweight,False,0,False,,0-2-0
Alvin Hines,962.2545368974208,2026-07-18,Heavyweight,False,0,False,,0-2-0
Tuco Tokkos,962.0887704582137,2026-05-16,Light Heavyweight,False,0,False,,1-3-0
Julien Leblanc,961.8990796451822,2026-04-18,Middleweight,False,0,False,,0-1-0
Cameron Smotherman,961.634902653449,2026-05-30,Bantamweight,False,0,False,,1-3-0
Michael Johnson,961.4954879957411,2026-03-07,Lightweight,False,0,False,,16-16-0
Ding Meng,961.4007272557001,2026-08-29,Welterweight,False,0,False,,0-2-0
Gianni Vazquez,961.0368708820389,2026-08-08,Featherweight,False,0,False,,0-2-0
Elisha Ellison,960.2854439657174,2026-07-11,Heavyweight,False,0,False,,0-2-0
Gerald Meerschaert,960.0574383431402,2026-05-02,Middleweight,False,0,False,,12-14-0
Elise Reed,960.0163029863685,2026-08-22,Women's Strawweight,False,0,False,,4-6-0
Matt Schnell,959.9852207742118,2026-06-06,Catch Weight,False,0,False,,7-9-1
Patricio Pitbull,959.8507024081407,2026-04-11,Featherweight,False,0,False,,0-1-0
Shavkat Rakhmonov,959.8233875684556,2024-12-07,Welterweight,False,0,False,,7-0-0
Eric Nolan,959.5387601892523,2026-06-27,Welterweight,False,0,False,,0-2-0
Billy Ray Goff,959.5211784284862,2026-08-08,Welterweight,False,0,False,,1-3-0
Yuneisy Duben,959.3562566804849,2026-06-06,Women's Flyweight,False,0,False,,0-2-0
Jesus Aguilar,958.7701684536086,2026-03-07,Flyweight,False,0,False,,4-3-0
Regina Tarin,958.7279468411468,2026-02-28,Catch Weight,False,0,False,,1-0-0
Jakub Wiklacz,958.1414289685642,2026-02-07,Bantamweight,False,0,False,,2-0-0
Imanol Rodriguez,958.059298886467,2026-02-28,Flyweight,False,0,False,,1-0-0
Abdul-Kareem Al-Selwady,958.0208593795517,2026-03-21,Lightweight,False,0,False,,1-1-0
Kevin Borjas,957.9332821997511,2026-08-29,Flyweight,False,0,False,,2-5-0
Levi Rodrigues Jr.,957.7952953007264,2026-08-29,Light Heavyweight,False,0,False,,0-2-0
Daniel Barez,957.6855806060494,2026-05-16,Flyweight,False,0,False,,1-3-0
Rafael Tobias,956.7895357368166,2026-08-15,Light Heavyweight,False,0,False,,0-2-0
Kevin Christian,956.7719864649964,2026-05-02,Light Heavyweight,False,0,False,,0-2-0
Dan Ige,955.616343785395,2026-02-21,Featherweight,False,0,False,,11-10-0
Macy Chiasson,955.0208692674144,2026-02-28,Women's Bantamweight,False,0,False,,8-6-0
Junior Tafa,953.9739291616577,2026-06-06,Light Heavyweight,False,0,False,,3-6-0
Dakota Hope,953.8940166938501,2026-04-04,Lightweight,False,0,False,,0-1-0
Aoriqileng,953.0641568654794,2026-08-29,Bantamweight,False,0,False,,4-6-1
Cody Durden,953.0410904255314,2026-07-11,Flyweight,False,0,False,,7-9-1
Montse Rendon,952.3228731980105,2026-03-14,Women's Bantamweight,False,0,False,,2-2-0
Jeremy Stephens,952.0878658438533,2026-05-09,Lightweight,False,0,False,,15-20-1
Marcus Buchecha,951.9651431010279,2026-04-25,Heavyweight,False,0,False,,0-2-1
Billy Elekana,950.9844043030474,2026-01-31,Light Heavyweight,False,0,False,,3-1-0
Rodolfo Bellato,950.9640753600919,2026-03-07,Light Heavyweight,False,0,False,,2-1-2
Xiao Long,950.6929094872451,2026-08-29,Bantamweight,False,0,False,,1-4-0
Carlos Leal,949.3083223921959,2026-02-21,Welterweight,False,0,False,,2-2-0
Mitch Ramirez,947.5599986737657,2026-07-18,Lightweight,False,0,False,,0-3-0
Losene Keita,947.3079330503028,2026-03-21,Featherweight,False,0,False,,0-1-0
Keiichiro Nakamura,947.1068872965737,2026-01-31,Featherweight,False,0,False,,1-0-0
Bruno Silva,947.0298649786359,2026-06-06,Flyweight,False,0,False,,9-13-1
Luis Gurule,946.7162022853561,2026-05-30,Bantamweight,False,0,False,,1-4-0
Carla Esparza,946.2308306865147,2024-10-05,Women's Strawweight,False,0,True,Former Champion,10-6-0
Javid Basharat,945.6400537984919,2026-02-07,Bantamweight,False,0,False,,4-2-1
Nyamjargal Tumendemberel,944.2441364086927,2026-03-07,Flyweight,False,0,False,,1-1-0
Mayra Bueno Silva,943.970983532739,2026-04-25,Women's Bantamweight,False,0,False,,5-7-2
Manon Fiorot,943.8185414992255,2025-10-18,Women's Flyweight,False,0,False,,8-1-0
Chris Weidman,943.2160756024823,2024-12-07,Catch Weight,False,0,True,Former Champion,12-8-0
Dusko Todorovic,942.2099310329654,2026-08-01,Middleweight,False,0,False,,4-7-0
Douglas Silva de Andrade,941.7054295850888,2026-02-28,Featherweight,False,0,False,,7-7-0
Darrius Flowers,941.2415576633884,2026-04-04,Lightweight,False,0,False,,1-3-0
Kurtis Campbell,940.0113641587834,2026-03-21,Featherweight,False,0,False,,0-1-0
Eduarda Moura,939.3075309053484,2026-02-07,Catch Weight,False,0,False,,3-2-0
Robert Ruchala,939.25325087511,2026-04-04,Featherweight,False,0,False,,0-2-0
Payton Talbott,939.1537860463939,2025-12-06,Bantamweight,False,0,False,,5-1-0
Priscila Cachoeira,938.8137979089025,2026-06-06,Women's Bantamweight,False,0,False,,5-9-0
Cristian Quinonez,937.1356744228938,2026-02-28,Bantamweight,False,0,False,,2-2-0
Rafael Dos Anjos,936.9492133552629,2024-10-26,Welterweight,False,0,True,Former Champion,21-15-0
Brendson Ribeiro,936.8680623820418,2026-07-25,Light Heavyweight,False,0,False,,2-6-0
Klaudia Sygula,936.8088605555255,2026-02-07,Women's Bantamweight,False,0,False,,2-1-0
Nora Cornolle,934.833571059572,2026-02-21,Women's Bantamweight,False,0,False,,3-3-0
Manolo Zecchini,934.7046319562196,2026-04-04,Featherweight,False,0,False,,0-2-0
Sedriques Dumas,933.3163240170247,2026-04-25,Middleweight,False,0,False,,3-5-1
Joseph Morales,931.7861793144355,2025-11-08,Flyweight,False,0,True,Former Champion,3-2-0
Ante Delija,929.2737221081678,2026-02-21,Heavyweight,False,0,False,,1-2-0
Nassourdine Imavov,929.1278700695507,2025-09-06,Middleweight,False,0,False,,9-2-1
Dustin Poirier,928.4886818912173,2025-07-19,Lightweight,False,0,True,Former Champion,22-9-1
Phil Rowe,928.4732010989201,2026-02-21,Welterweight,False,0,False,,4-5-0
Polyana Viana,928.0864203023624,2026-05-16,Women's Strawweight,False,0,False,,4-8-0
Dennis Buzukja,928.0172626203363,2026-08-01,Featherweight,False,0,False,,1-5-0
Bolaji Oki,928.0032601361768,2026-03-14,Lightweight,False,0,False,,2-3-0
Stewart Nicoll,926.9931610850699,2026-07-18,Flyweight,False,0,False,,0-4-0
Daniel Zellhuber,926.2756186088828,2026-02-28,Lightweight,False,0,False,,3-4-0
Luke Fernandez,925.8562590304451,2026-03-07,Light Heavyweight,False,0,False,,0-1-0
Hailey Cowan,924.307094548338,2026-08-01,Women's Bantamweight,False,0,False,,0-4-0
Shem Rock,923.7715524171103,2026-03-21,Lightweight,False,0,False,,0-2-0
Ravena Oliveira,922.6347310798783,2026-08-08,Women's Flyweight,False,0,False,,0-4-0
Ernesta Kareckaite,922.3174987031019,2026-02-28,Catch Weight,False,0,False,,1-2-0
Alex Morono,919.807349514262,2026-02-07,Welterweight,False,0,False,,13-10-1
Cody Gibson,919.5212540000459,2026-07-25,Bantamweight,False,0,False,,3-8-0
Giga Chikadze,919.3645852486715,2025-12-13,Featherweight,False,0,False,,8-4-0
Francisco Prado,917.9697215992679,2026-04-11,Welterweight,False,0,False,,1-5-0
Bruna Brasil,917.4935389261592,2026-03-28,Women's Strawweight,False,0,False,,2-5-0
Muin Gafurov,917.0413362823622,2026-02-07,Bantamweight,False,0,False,,2-3-0
Josiah Harrell,916.6804743005556,2026-02-21,Welterweight,False,0,False,,0-1-0
Luan Lacerda,916.2724224170831,2026-03-14,Bantamweight,False,0,False,,1-3-0
Niko Price,916.1837830636204,2026-03-28,Welterweight,False,0,False,,8-11-2
Kyle Prepolec,915.5593466847723,2026-08-01,Lightweight,False,0,False,,0-5-0
Harry Hardwick,915.2544333180042,2026-03-14,Featherweight,False,0,False,,0-2-0
Vince Morales,913.3223701484957,2026-05-02,Bantamweight,False,0,False,,3-9-0
Torrez Finney,912.3115627072505,2026-01-31,Middleweight,False,0,False,,1-1-0
Chepe Mariscal,911.3149828773217,2025-11-15,Featherweight,False,0,False,,5-1-0
Volkan Oezdemir,910.4944705922453,2025-11-22,Light Heavyweight,False,0,False,,9-7-0
Tagir Ulanbekov,910.0004468462646,2025-11-22,Flyweight,False,0,False,,6-2-0
Shi Ming,909.24962,2024-11-23,Women's Strawweight,False,0,True,Former Champion,1-0-0
Muslim Salikhov,908.3335306337174,2025-11-08,Welterweight,False,0,False,,9-5-0
DongHun Choi,907.222826,2024-11-23,Flyweight,False,0,True,Former Champion,1-0-0
Denzel Freeman,906.9871651962698,2026-01-24,Heavyweight,False,0,False,,1-1-0
Bryan Battle,906.9010957524588,2024-12-07,Welterweight,False,0,False,,7-1-1
Felipe Bunes,906.6856795108998,2026-02-28,Flyweight,False,0,False,,1-3-0
Lando Vannata,906.6000556340147,2026-04-04,Lightweight,False,0,False,,4-8-2
Nicolas Dalby,906.4340787856713,2025-11-22,Welterweight,False,0,False,,8-5-2
Muhammad Naimov,906.1626303928477,2025-12-06,Featherweight,False,0,False,,5-2-0
Ryan Loder,906.1618429191861,2025-11-22,Middleweight,False,0,True,Former Champion,1-2-0
Jamie Mullarkey,905.447517574238,2026-01-31,Lightweight,False,0,False,,6-7-0
Angel Pacheco,903.7725526203482,2026-02-28,Bantamweight,False,0,False,,0-2-0
Daniel Marcos,903.6038579037566,2025-11-08,Bantamweight,False,0,False,,5-1-1
Ricky Turcios,901.6890470002444,2026-03-07,Featherweight,False,0,False,,2-4-0
Jonathan Martinez,897.2359778598998,2024-11-16,Bantamweight,False,0,False,,10-5-0
HyunSung Park,895.5364547046131,2025-10-18,Flyweight,False,0,True,Former Champion,3-2-0
Jack Hermansson,894.7680534746364,2025-11-22,Welterweight,False,0,False,,11-8-0
JunYong Park,891.7429233594987,2025-10-25,Middleweight,False,0,False,,9-4-0
Antonio Trocoli,890.3240344149747,2026-03-21,Middleweight,False,0,False,,0-4-0
Cezary Oleksiejczuk,890.052248821341,2025-12-13,Middleweight,False,0,False,,1-0-0
Ode Osbourne,889.663013379851,2026-02-21,Flyweight,False,0,False,,5-7-1
David Onama,888.2688012131034,2025-11-01,Featherweight,False,0,False,,6-3-0
Alibi Idiris,887.9304902889276,2026-02-21,Flyweight,False,0,False,,0-1-1
Austen Lane,886.0759203818108,2026-03-21,Light Heavyweight,False,0,False,,1-5-1
Aleksandre Topuria,885.4811029730139,2025-11-22,Bantamweight,False,0,False,,2-0-0
Erik Silva,885.1248722629579,2026-02-28,Featherweight,False,0,False,,0-3-0
Sulangrangbo,883.7714561572776,2026-01-31,Bantamweight,False,0,False,,0-1-0
Sangwook Kim,883.7714561572776,2026-01-31,Lightweight,False,0,False,,0-1-0
Chris Gutierrez,883.5841606885086,2025-10-04,Bantamweight,False,0,False,,10-4-1
Ismail Naurdiev,881.8972310374465,2025-11-22,Middleweight,False,0,False,,4-3-0
Morgan Charriere,881.3965215469018,2025-12-13,Featherweight,False,0,False,,3-3-0
Sebastian Szalay,880.7554832458826,2026-01-31,Featherweight,False,0,False,,0-1-0
Tecia Pennington,878.1274860428243,2025-11-08,Women's Strawweight,False,0,False,,11-8-0
Jairzinho Rozenstruik,878.0742112956788,2025-02-01,Heavyweight,False,0,False,,9-6-0
Marvin Vettori,877.9494832425088,2025-12-06,Middleweight,False,0,False,,9-8-1
Alexandr Romanov,876.8828288501552,2024-11-02,Heavyweight,False,0,False,,7-3-0
Taylor Lapilus,876.6890049213024,2024-09-28,Bantamweight,False,0,False,,6-2-0
Marc-Andre Barriault,876.1826878203195,2026-02-07,Middleweight,False,0,False,,6-10-1
Rinat Fakhretdinov,873.9529629667495,2025-09-06,Welterweight,False,0,False,,6-0-1
Adam Fugitt,873.3090746676515,2026-01-24,Welterweight,False,0,False,,2-4-0
Kris Moutinho,870.5015605429621,2026-02-28,Bantamweight,False,0,False,,0-4-0
Yizha,868.6015421546844,2026-01-31,Featherweight,False,0,False,,1-3-0
Jose Daniel Medina,867.2016809311824,2026-02-28,Middleweight,False,0,False,,0-4-0
Irene Aldana,867.1424590253026,2024-09-14,Women's Bantamweight,False,0,False,,8-6-0
Anshul Jubli,865.0205549309688,2025-02-08,Lightweight,False,0,True,Former Champion,1-2-0
Drakkar Klose,864.3882459405671,2025-08-16,Lightweight,False,0,False,,10-3-0
Rinya Nakamura,862.6496958564709,2025-08-02,Bantamweight,False,0,True,Former Champion,4-1-0
Mizuki,861.5466376585484,2025-10-25,Women's Strawweight,False,0,False,,3-1-0
Isaac Thomson,855.6569192701804,2025-12-13,Featherweight,False,0,False,,0-1-0
Khalil Rountree Jr.,853.543215284663,2025-10-04,Light Heavyweight,False,0,False,,10-7-1
Tereza Bleda,853.2283531372723,2025-12-13,Women's Flyweight,False,0,False,,1-2-0
Allen Frye Jr.,852.8234678890865,2025-12-13,Heavyweight,False,0,False,,0-1-0
Jack Shore,850.8826332521118,2024-11-02,Featherweight,False,0,False,,6-3-0
Julianna Pena,849.1471892008377,2025-06-07,Women's Bantamweight,False,0,True,Former Champion,8-4-0
Yana Santos,848.4366547934353,2025-10-04,Women's Bantamweight,False,0,False,,7-5-0
Jessica Andrade,847.9946125510348,2025-08-16,Women's Strawweight,False,0,True,Former Champion,17-13-0
Matheus Nicolau,847.3952149178284,2024-10-19,Flyweight,False,0,False,,7-4-0
ChangHo Lee,847.0051904519946,2025-11-01,Bantamweight,False,0,False,,2-1-0
Brian Ortega,839.5444125900242,2025-08-23,Catch Weight,False,0,False,,8-5-1
Jose Aldo,839.5124501608633,2025-05-10,Featherweight,False,0,True,Former Champion,14-9-0
Ibo Aslan,838.4223882887678,2025-12-06,Light Heavyweight,False,0,False,,2-3-0
Hamdy Abdelwahab,837.9353455358557,2025-10-25,Heavyweight,False,0,False,,2-1-1
Jonathan Pearce,836.8695439229297,2024-10-12,Featherweight,False,0,False,,5-4-0
Andre Muniz,836.1774811348212,2025-10-04,Middleweight,False,0,False,,6-4-0
Isaac Dulgarian,835.7383250539758,2025-11-01,Featherweight,False,0,False,,2-2-0
Marek Bujlo,835.1009131868872,2025-11-22,Heavyweight,False,0,False,,0-1-0
Joe Solecki,834.6389351118702,2025-01-11,Lightweight,False,0,False,,5-4-0
Rafael Cerqueira,834.5896269135073,2025-11-22,Light Heavyweight,False,0,False,,0-1-0
Pedro Munhoz,833.3032470558486,2024-11-02,Bantamweight,False,0,False,,10-10-2
Josefine Knutsson,832.6646117806921,2024-12-14,Women's Strawweight,False,0,False,,2-1-0
Rodrigo Nascimento,831.8306997251866,2024-11-02,Heavyweight,False,0,False,,4-3-1
Jhonata Diniz,831.3377110798281,2025-10-11,Heavyweight,False,0,False,,3-2-0
Sean Sharaf,831.2577239156321,2025-12-13,Heavyweight,False,0,False,,0-2-0
Yair Rodriguez,828.5412017986631,2025-04-12,Featherweight,False,0,True,Former Champion,11-4-1
Ovince Saint Preux,828.2842462607231,2024-10-05,Light Heavyweight,False,0,False,,15-13-0
Yazmin Jauregui,828.1250415544789,2024-09-14,Women's Strawweight,False,0,False,,3-2-0
Gabriel Santos,827.6595154238628,2025-02-08,Featherweight,False,0,False,,2-2-0
Veronica Hardy,825.4134311132544,2025-10-04,Women's Flyweight,False,0,False,,5-5-0
Martin Buday,824.8792950705638,2025-07-26,Heavyweight,False,0,False,,7-1-0
Song Kenan,824.6924870544207,2024-11-23,Welterweight,False,0,False,,6-5-0
Damon Jackson,824.1370001855148,2024-11-16,Lightweight,False,0,False,,6-6-2
Max Gimenis,822.9867815666677,2025-11-08,Heavyweight,False,0,False,,0-1-0
Victor Hugo,822.120283749537,2024-10-26,Featherweight,False,0,False,,1-1-0
Jamahal Hill,822.0203741007248,2025-06-21,Light Heavyweight,False,0,True,Former Champion,6-4-1
Fernando Padilla,821.7112958294997,2024-12-14,Featherweight,False,0,False,,2-2-0
Joaquim Silva,821.5363827636103,2025-09-13,Lightweight,False,0,False,,7-5-0
Jimmy Crute,821.1062658571697,2025-09-27,Light Heavyweight,False,0,False,,6-4-2
Luana Carolina,820.6937094453336,2025-09-27,Women's Bantamweight,False,0,False,,6-4-0
Charlie Campbell,820.3915842668561,2025-09-27,Lightweight,False,0,False,,2-1-0
Kevin Jousset,818.9865543090328,2025-02-08,Welterweight,False,0,False,,2-2-0
Danny Barlow,818.9835627670703,2025-10-18,Middleweight,False,0,False,,2-2-0
Magomed Gadzhiyasulov,817.7280390036175,2025-01-11,Light Heavyweight,False,0,False,,1-1-0
Tainara Lisboa,817.3675055615242,2025-10-18,Women's Bantamweight,False,0,False,,2-2-0
Trey Ogden,817.0756293860419,2025-01-11,Lightweight,False,0,False,,3-3-1
Jamal Pogues,816.9400866629792,2025-02-01,Heavyweight,False,0,False,,2-2-0
Lucas Rocha,816.6436008683906,2025-10-11,Flyweight,False,0,False,,1-1-0
Iasmin Lucindo,815.7288094434717,2025-08-09,Women's Strawweight,False,0,False,,5-2-0
Matt Frevola,814.925579876457,2025-10-18,Lightweight,False,0,False,,5-6-1
Cory McKenna,814.2032599846673,2024-10-12,Women's Strawweight,False,0,False,,3-3-0
Julia Avila,812.0091413501382,2025-02-15,Women's Bantamweight,False,0,False,,3-3-0
Austin Vanderford,810.1926293948443,2025-10-04,Welterweight,False,0,False,,1-1-0
JooSang Yoo,809.8499780637742,2025-10-04,Catch Weight,False,0,False,,1-1-0
Bassil Hafez,809.7734687239293,2024-11-16,Welterweight,False,0,False,,1-2-0
Trevin Giles,809.2479078562451,2024-11-02,Welterweight,False,0,False,,7-7-0
Cody Stamann,808.1014225251527,2024-11-09,Bantamweight,False,0,False,,7-7-1
Da Woon Jung,807.709164258911,2024-09-28,Light Heavyweight,False,0,False,,4-4-1
Zachary Scroggin,807.67085939811,2024-11-09,Welterweight,False,0,False,,0-1-0
Tim Means,807.1087899698168,2024-10-05,Welterweight,False,0,False,,15-14-1
Viktoriia Dudakova,806.5661365894872,2025-01-11,Women's Strawweight,False,0,False,,2-2-0
Ricardo Ramos,806.4017784162288,2025-10-11,Featherweight,False,0,False,,8-7-0
Trey Waters,805.202083183864,2025-09-06,Welterweight,False,0,False,,2-1-0
Jake Hadley,804.7396313949556,2024-10-19,Bantamweight,False,0,False,,3-4-0
Elizeu Zaleski dos Santos,802.9845581729974,2025-08-02,Welterweight,False,0,False,,11-6-1
Zygimantas Ramaska,801.9599999999999,2024-09-07,Featherweight,False,0,False,,0-1-0
Trevor Peek,801.4790415398934,2024-09-07,Lightweight,False,0,False,,2-3-0
Karolina Kowalkiewicz,801.0268782324052,2025-10-11,Women's Strawweight,False,0,False,,9-10-0
Garrett Armfield,800.666135814511,2024-11-02,Bantamweight,False,0,False,,2-3-0
Robelis Despaigne,800.5230111954893,2024-10-19,Heavyweight,False,0,False,,1-2-0
Matthew Semelsberger,800.4990790651827,2024-11-09,Welterweight,False,0,False,,5-6-0
Ottman Azaitar,800.4478294532257,2024-12-14,Lightweight,False,0,False,,2-3-0
Justin Tafa,800.2779258381394,2025-02-08,Heavyweight,False,0,False,,4-5-1
Damir Hadzovic,800.0947582264438,2025-02-01,Lightweight,False,0,False,,4-6-0
Chad Anheliger,799.9291226314514,2024-11-02,Bantamweight,False,0,False,,2-3-0
Chris Barnett,799.2962120077203,2025-10-25,Heavyweight,False,0,False,,2-4-0
Clay Guida,798.8275374305381,2024-12-07,Lightweight,False,0,False,,18-19-0
Claudio Puelles,798.7064057566064,2025-09-13,Lightweight,False,0,False,,5-4-0
Daniel Frunza,797.201485597879,2025-11-01,Welterweight,False,0,False,,0-2-0
Roosevelt Roberts,796.9620669898379,2024-09-28,Lightweight,False,0,False,,4-5-1
Tre'ston Vines,796.6076591832838,2025-10-04,Middleweight,False,0,False,,0-1-0
Andreas Gustafsson,795.5759372506636,2025-09-06,Welterweight,False,0,False,,1-1-0
Said Nurmagomedov,795.0965295565082,2025-07-26,Bantamweight,False,0,False,,7-4-0
Preston Parsons,795.0811564974545,2025-01-11,Welterweight,False,0,False,,2-4-0
Viacheslav Borshchev,794.9288760016659,2025-11-15,Lightweight,False,0,False,,3-6-1
Azat Maksum,794.8804326440036,2025-10-25,Flyweight,False,0,False,,1-3-0
Baergeng Jieleyisi,792.9399999999999,2024-11-23,Bantamweight,False,0,False,,0-1-0
Kron Gracie,792.5170100861324,2024-12-07,Featherweight,False,0,False,,1-3-0
Abdul Razak Alhassan,792.1639996739391,2025-01-11,Middleweight,False,0,False,,6-7-1
Kiru Sahota,792.1282,2024-11-23,Flyweight,False,0,False,,0-1-0
Taiyilake Nueraji,791.8496393193209,2025-08-23,Welterweight,False,0,False,,1-0-0
Jose Johnson,790.8534439486397,2025-01-11,Flyweight,False,0,False,,1-3-0
Feng Xiaocan,790.234,2024-11-23,Women's Strawweight,False,0,False,,0-1-0
Ramon Taveras,789.7590959618537,2025-09-27,Featherweight,False,0,False,,1-2-0
Mickey Gall,788.9602294109344,2024-11-16,Welterweight,False,0,False,,6-7-0
Lucas Almeida,787.1034202359713,2025-10-11,Featherweight,False,0,False,,2-4-0
Brendon Marotte,787.049794634973,2024-09-07,Featherweight,False,0,False,,0-2-0
Patchy Mix,786.4994936031984,2025-10-04,Bantamweight,False,0,False,,0-2-0
Jared Gooden,785.7268469983647,2024-10-12,Welterweight,False,0,False,,2-5-0
Daniel Pineda,784.9212023633507,2024-10-19,Featherweight,False,0,False,,5-8-1
Lucas Alexander,784.4472732595779,2025-02-01,Featherweight,False,0,False,,1-3-0
Victor Altamirano,784.1466372226334,2024-09-28,Flyweight,False,0,False,,2-4-0
Irina Alekseeva,783.4032245788485,2025-10-11,Women's Bantamweight,False,0,False,,1-3-0
Montserrat Conejo Ruiz,783.0588733908045,2025-11-01,Women's Strawweight,False,0,False,,1-4-0
Tamires Vidal,782.3725402627005,2024-10-19,Women's Bantamweight,False,0,False,,1-3-0
Uran Satybaldiev,781.0354774934088,2025-08-23,Light Heavyweight,False,0,False,,1-1-0
Stephen Thompson,779.4184965152925,2025-07-12,Welterweight,False,0,False,,12-9-1
Rongzhu,778.9331251773094,2025-08-23,Lightweight,False,0,False,,3-3-0
Miranda Maverick,777.7256354768767,2025-06-14,Women's Flyweight,False,0,False,,8-4-0
Da'Mon Blackshear,777.1975522133724,2025-07-26,Bantamweight,False,0,False,,5-4-1
Dylan Budka,775.7148926401129,2025-02-15,Middleweight,False,0,False,,0-3-0
Dan Argueta,774.3471093864276,2024-10-12,Bantamweight,False,0,False,,1-3-2
James Llontop,773.4459432498571,2024-11-16,Catch Weight,False,0,False,,0-3-0
Paul Craig,772.871690258794,2025-09-06,Light Heavyweight,False,0,False,,9-10-2
Josias Musasa,772.230090834756,2025-09-27,Bantamweight,False,0,False,,0-2-0
Caio Machado,772.2192368810458,2024-11-02,Light Heavyweight,False,0,False,,0-3-0
Ihor Potieria,771.220933747085,2025-01-11,Middleweight,False,0,False,,2-6-0
Jessica Penne,770.5111013099188,2024-10-19,Women's Strawweight,False,0,False,,3-6-0
Quang Le,770.0643992344973,2025-09-13,Bantamweight,False,0,False,,1-3-0
Rodrigo Sezinando,767.5274053542457,2025-09-13,Welterweight,False,0,False,,0-1-0
Islam Dulatov,766.8212071798959,2025-07-19,Welterweight,False,0,False,,1-0-0
Brogan Walker,763.6065907376287,2025-10-04,Women's Flyweight,False,0,False,,0-3-0
Amanda Ribas,762.4480949495701,2025-07-26,Women's Strawweight,False,0,False,,7-6-0
Patricio Freire,761.5066979864407,2025-07-19,Featherweight,False,0,False,,1-1-0
Elves Brener,760.9869535629474,2025-08-02,Lightweight,False,0,False,,3-3-0
Calvin Kattar,759.260638361421,2025-07-12,Featherweight,False,0,False,,7-8-0
Kai Kara-France,759.2561300115998,2025-06-28,Flyweight,False,0,False,,8-5-0
Court McGee,759.1612314414392,2025-06-14,Welterweight,False,0,True,Former Champion,11-13-0
Felipe Lima,756.6632526157816,2025-06-28,Bantamweight,False,0,False,,2-1-0
Steven Nguyen,754.8194131384606,2025-07-26,Featherweight,False,0,False,,1-1-0
JeongYeong Lee,754.7764915434093,2025-05-10,Featherweight,False,0,True,Former Champion,2-2-0
Lauren Murphy,753.4363803107541,2025-07-12,Women's Flyweight,False,0,False,,8-7-0
Viviane Araujo,753.145529047316,2025-06-28,Women's Flyweight,False,0,False,,7-6-0
Saimon Oliveira,752.8218838920984,2025-10-11,Bantamweight,False,0,False,,0-4-0
Mohammed Usman,752.2391194882194,2025-06-21,Heavyweight,False,0,False,,4-2-0
Rolando Bedoya,747.8909365395385,2025-09-27,Lightweight,False,0,False,,0-4-0
Westin Wilson,747.6560773943698,2025-08-23,Featherweight,False,0,False,,1-3-0
Nathan Fletcher,747.6474592389933,2025-08-02,Bantamweight,False,0,False,,1-2-0
Miesha Tate,746.4718117077915,2025-05-03,Women's Bantamweight,False,0,True,Former Champion,7-7-0
Maheshate,744.52150620174,2025-08-23,Lightweight,False,0,False,,2-4-0
Rhys McKee,738.6128865183106,2025-09-06,Welterweight,False,0,False,,1-5-0
Kiefer Crosbie,733.2880334961311,2025-08-23,Welterweight,False,0,False,,0-3-0
Brad Katona,731.7405672772512,2025-05-10,Bantamweight,False,0,True,Former Champion,4-5-0
Toshiomi Kazama,731.4598521675562,2025-08-09,Bantamweight,False,0,False,,1-3-0
Sodiq Yusuff,729.9595127094291,2025-05-17,Lightweight,False,0,False,,6-4-0
Nikolas Motta,729.8622724103583,2025-06-21,Lightweight,False,0,False,,3-3-1
Nick Klein,729.5717100998359,2025-08-02,Middleweight,False,0,False,,0-2-0
Melissa Martinez,728.9184509122017,2025-07-12,Women's Strawweight,False,0,False,,1-2-0
Austin Hubbard,726.4624795297098,2025-08-23,Lightweight,False,0,False,,4-8-0
Rafael Cerquiera,723.7852266881953,2025-08-09,Light Heavyweight,False,0,False,,0-3-0
Yanal Ashmouz,720.5600840162723,2025-06-07,Lightweight,False,0,False,,2-2-0
Gunnar Nelson,717.3560772077055,2025-03-22,Welterweight,False,0,False,,10-6-0
Vanessa Demopoulos,716.6873613169175,2025-06-14,Women's Flyweight,False,0,False,,5-5-0
Marcin Prachnio,713.2249942815605,2025-07-19,Light Heavyweight,False,0,False,,4-7-0
Julija Stoliarenko,712.7144398380356,2025-08-09,Women's Flyweight,False,0,False,,2-7-0
Gabe Green,712.3040792746905,2025-05-17,Lightweight,False,0,False,,3-3-0
Serhiy Sidey,711.2683153642639,2025-05-03,Bantamweight,False,0,False,,2-1-0
Mohammad Yahya,710.1469088993423,2025-07-26,Featherweight,False,0,False,,0-3-0
Anthony Smith,709.9531728425043,2025-04-26,Light Heavyweight,False,0,False,,13-12-0
Ariane da Silva,708.4275916473359,2025-06-07,Women's Flyweight,False,0,False,,6-8-0
Mark Choinski,707.648222943811,2025-06-07,Lightweight,False,0,False,,0-1-0
Alatengheili,707.1925883130704,2025-04-26,Bantamweight,False,0,False,,5-3-1
Mick Parkin,705.0041412172857,2025-03-22,Heavyweight,False,0,False,,4-1-0
Evan Elder,704.1103615598888,2025-04-26,Lightweight,False,0,False,,3-2-0
Ange Loosa,702.930190099542,2025-06-14,Welterweight,False,0,False,,2-3-1
Marina Rodriguez,702.0661386985149,2025-05-03,Women's Strawweight,False,0,False,,7-6-2
Victor Henry,700.8837158883392,2025-04-05,Bantamweight,False,0,False,,4-2-1
Lukasz Brzeski,694.9477650306723,2025-07-19,Heavyweight,False,0,False,,1-6-0
Carlos Hernandez,693.5532670641946,2025-05-17,Flyweight,False,0,False,,3-4-0
Vinc Pichel,689.2153606674502,2025-03-29,Lightweight,False,0,False,,7-5-0
Luana Pinheiro,686.3104049020945,2025-05-17,Women's Strawweight,False,0,False,,3-4-0
Cameron Saaiman,684.8547626261643,2025-04-26,Bantamweight,False,0,False,,3-3-0
Jeka Saragih,681.8387415758257,2025-06-07,Featherweight,False,0,False,,1-3-0
Ronaldo Rodriguez,678.7164583757826,2025-03-29,Flyweight,False,0,False,,2-1-0
Rayanne dos Santos,673.3781374912336,2025-05-31,Women's Strawweight,False,0,False,,0-3-0
Caolan Loughran,670.2827467080117,2025-03-22,Bantamweight,False,0,False,,2-2-0
Ivana Petrovic,666.3048080840745,2025-05-03,Women's Flyweight,False,0,False,,1-3-0
Carlos Vera,665.6319580358854,2025-03-15,Bantamweight,False,0,False,,1-1-0
Kurt Holobaugh,664.2715326252237,2025-05-31,Lightweight,False,0,False,,2-7-0
Puja Tomar,663.7253528752218,2025-03-22,Women's Strawweight,False,0,False,,1-1-0
Roberto Romero,662.677365933583,2025-04-26,Featherweight,False,0,False,,0-2-0
Connor Matthews,662.2003416604485,2025-05-17,Featherweight,False,0,False,,0-3-0
Jimmy Flick,662.0649134270494,2025-04-26,Flyweight,False,0,False,,2-4-0
Don'Tale Mayes,657.84599336835,2025-05-03,Heavyweight,False,0,False,,4-7-1
Guram Kutateladze,656.0868745826705,2025-03-22,Lightweight,False,0,False,,2-3-0
Josiane Nunes,653.9520706824146,2025-03-15,Women's Bantamweight,False,0,False,,3-3-0
Molly McCann,652.7513987302113,2025-03-22,Women's Strawweight,False,0,False,,7-7-0
Pedro Falcao,651.1044981043863,2025-04-05,Bantamweight,False,0,False,,0-2-0
Cortavious Romious,649.7836447788833,2025-04-05,Bantamweight,False,0,False,,0-2-0
Felipe dos Santos,645.5308942333374,2025-03-22,Flyweight,False,0,False,,1-3-0
Armen Petrosyan,644.5965655060421,2025-03-08,Middleweight,False,0,False,,3-4-0
Gabriel Miranda,642.4278801687993,2025-03-29,Featherweight,False,0,False,,1-3-0
CJ Vergara,642.2944604645925,2025-03-29,Flyweight,False,0,False,,3-5-0
Jordan Vucenic,641.1316092238691,2025-03-22,Lightweight,False,0,False,,0-2-0
AJ Cunningham,639.1790547304571,2025-03-15,Bantamweight,False,0,False,,0-2-0
SeungWoo Choi,629.4508792385923,2025-03-15,Featherweight,False,0,False,,4-7-0
Diana Belbita,629.1018464897469,2025-04-05,Women's Flyweight,False,0,False,,2-6-0
Julian Marquez,619.12722752399,2025-03-01,Middleweight,False,0,False,,3-5-0
Istela Nunes,616.3246582125128,2025-04-05,Women's Strawweight,False,0,False,,0-5-0
Andrea Lee,610.4443308979838,2025-03-01,Women's Flyweight,False,0,False,,5-9-0
