Fighter,Peak Elo
Georges St-Pierre,1419.194080449403
Demetrious Johnson,1372.6256147209647
Jon Jones,1323.8984013586385
Daniel Cormier,1320.0469166377688
Islam Makhachev,1289.612395018334
Kamaru Usman,1277.9943317530408
Alexander Volkanovski,1273.612707070282
Anderson Silva,1259.518875717132
Khabib Nurmagomedov,1244.851621351407
Charles Oliveira,1242.6346423960943
Merab Dvalishvili,1240.9505116078794
Belal Muhammad,1239.9848190931502
Max Holloway,1239.306884572434
Aljamain Sterling,1234.0809102609944
Dustin Poirier,1231.6091323423843
Stipe Miocic,1231.5624872692626
Israel Adesanya,1226.9809635462168
Francis Ngannou,1222.2731420383277
Ilia Topuria,1217.78960882297
Dricus Du Plessis,1215.5259371809016
Chris Weidman,1215.4007563382863
Chuck Liddell,1214.962153672942
Khamzat Chimaev,1208.5728605816696
Robert Whittaker,1208.0456320139042
Glover Teixeira,1206.4868156219648
Magomed Ankalaev,1205.1250415064599
Demian Maia,1204.326160878589
Beneil Dariush,1203.326310301838
Amanda Nunes,1203.0793979546638
Alex Pereira,1201.5130308860453
Rafael Dos Anjos,1195.5430300875244
Rashad Evans,1194.2116651266845
Leon Edwards,1192.6450512880176
Vicente Luque,1191.7291021223882
Valentina Shevchenko,1190.5336494385278
Tyron Woodley,1190.1118044355617
Frankie Edgar,1189.6407034492363
Ciryl Gane,1189.0612913130908
Henry Cejudo,1188.9061116410705
Colby Covington,1187.8302278461767
Jon Fitch,1187.4881653726823
Cain Velasquez,1186.162043741649
Curtis Blaydes,1185.1579327199975
Alexandre Pantoja,1184.9570031847304
Matt Hughes,1184.3672682800736
TJ Dillashaw,1183.834415415702
Deiveson Figueiredo,1183.8096098395442
Sean O'Malley,1182.400905058488
Gilbert Burns,1182.1950363262267
Derrick Lewis,1182.0059370550746
Jack Della Maddalena,1181.5156656884174
Yoel Romero,1181.2316044607012
Johny Hendricks,1180.2899395120237
Robbie Lawler,1179.136655107681
Nassourdine Imavov,1177.446546539623
Movsar Evloev,1177.2173257672507
Shavkat Rakhmonov,1177.2120324153407
Joseph Benavidez,1176.1084389882008
Zhang Weili,1174.9339786227697
Brendan Allen,1174.7759741767643
Michael Bisping,1174.6669547157326
Jan Blachowicz,1174.3297552747833
Sean Brady,1172.8277299815918
Justin Gaethje,1172.0001447219593
Andrei Arlovski,1171.7543161182641
Junior Dos Santos,1171.7294623098007
Neil Magny,1171.3404210831802
Arnold Allen,1171.0734618262873
Grant Dawson,1170.955402922284
Cory Sandhagen,1170.6503646723525
Arman Tsarukyan,1168.5397757819298
Derek Brunson,1168.5217997858938
Alexander Volkov,1168.1378813059926
Anthony Johnson,1167.3720736686514
Conor McGregor,1166.5191169096795
Sean Strickland,1165.762188834343
Ryan Bader,1164.608194258306
Anthony Hernandez,1164.4767044533467
Yair Rodriguez,1163.9684217075576
Tito Ortiz,1163.533088959467
Lerone Murphy,1163.3407320446645
Joaquin Buckley,1163.0007455415614
Tom Aspinall,1162.8393091644507
BJ Penn,1162.5941327736757
Marlon Vera,1161.37876579539
Lyoto Machida,1160.0189612686488
Carlos Ulberg,1159.7763102626652
Fabricio Werdum,1158.9967066342767
Benson Henderson,1158.9231938632993
Jose Aldo,1157.357464188633
Petr Yan,1156.102729971409
Brian Ortega,1154.6405418022423
Raphael Assuncao,1154.0350665477556
Gray Maynard,1153.6771011939131
Gegard Mousasi,1152.6807239099526
Darren Elkins,1152.6664769826068
Brandon Moreno,1152.243522374937
Ian Machado Garry,1151.7836377081737
Josh Koscheck,1151.6543770968722
James Vick,1151.3644273035866
Jared Cannonier,1151.0821196648708
Michael Chiesa,1149.9768489729008
Josh Emmett,1149.7333022948353
Kelvin Gastelum,1149.218056760505
Randy Brown,1148.8492158837555
Santiago Ponzinibbio,1148.8111403638966
John Lineker,1148.3037593361662
Kevin Lee,1147.9434665891163
Vitor Belfort,1147.8875261052062
Jorge Masvidal,1147.8356770399537
Thiago Alves,1147.688615341786
Stephen Thompson,1147.641758427085
Mario Bautista,1147.5320975829934
Song Yadong,1147.3896999626968
Rich Franklin,1146.793880083208
Manon Fiorot,1146.6964751377964
Renato Moicano,1145.917875946416
Kenny Florian,1145.0590649852602
Randy Couture,1144.7995908318983
Rose Namajunas,1144.4807372169448
Edson Barboza,1144.343565005542
Jim Miller,1143.8140606785903
Thiago Santos,1143.5196126669946
Raquel Pennington,1143.049183042232
Joanna Jedrzejczyk,1142.7342501446751
Francisco Trinaldo,1142.4919218440948
Yushin Okami,1142.3136217659276
Jacare Souza,1142.0160391684929
Tony Ferguson,1141.418874701587
Mike Swick,1140.9856960969385
Dong Hyun Kim,1140.8096579458404
Rory MacDonald,1140.3963381837484
Michel Pereira,1139.5777893281313
Luke Rockhold,1139.2717124025305
Alistair Overeem,1138.9799421173996
Mateusz Gamrot,1138.914852866745
Jessica Andrade,1138.5533793470368
Jailton Almeida,1138.5486541831806
Jonathan Martinez,1138.1392915334684
Michel Prazeres,1137.0856673018554
George Sotiropoulos,1136.8310129873905
Umar Nurmagomedov,1136.598213265997
Diego Ferreira,1136.3424509650035
Alexander Gustafsson,1135.8321308459847
Caio Borralho,1135.808014752055
Paddy Pimblett,1135.6097537173791
Tatiana Suarez,1135.3517325372652
Michael Morales,1134.8095271815691
Diego Sanchez,1134.6234647825383
Dan Hooker,1133.9927488335734
Renan Barao,1133.6959806146742
Cub Swanson,1133.4407886652398
Matt Brown,1133.3058061859333
Sergei Pavlovich,1133.185964203371
Thales Leites,1132.8581917211636
Jiri Prochazka,1132.8380825278748
Natalia Silva,1131.6911159909894
Al Iaquinta,1131.6064893473508
Montel Jackson,1131.5131514533764
Ricky Simon,1131.1178054465204
Rob Font,1131.072311131713
Carla Esparza,1130.917282335427
Maycee Barber,1130.8024844833278
Phil Davis,1130.4625201820884
Erin Blanchfield,1129.9972107993824
Giga Chikadze,1129.8289971306074
Anthony Smith,1129.6838894327593
Joel Alvarez,1129.2992366278468
Rustam Khabilov,1128.4228979768222
Royce Gracie,1127.9952255751903
Muhammad Mokaev,1126.7208502665028
Ricardo Lamas,1126.4827722825478
Aiemann Zahabi,1126.0113378136246
Matt Hamill,1125.7934520090369
Geoff Neal,1125.6374887312795
Dan Severn,1125.6331879633128
Don Frye,1125.5494122999226
Leonardo Santos,1125.3339944231936
Nate Diaz,1125.3048768057108
Frank Mir,1125.0994580425872
Virna Jandiroba,1124.973833873247
Brad Tavares,1124.9469905013314
Cody Garbrandt,1124.4090025941368
Quinton Jackson,1124.3259670627995
Alex Oliveira,1123.8752614795021
Roman Dolidze,1123.6886044159014
Chad Mendes,1123.5975213901058
Diego Lopes,1123.476821503648
Katlyn Cerminara,1123.1428978579472
Marvin Vettori,1122.3171223336417
Drakkar Klose,1122.294507570063
Pat Miletich,1122.2412070431924
Gregor Gillespie,1122.0702638273933
Rafael Fiziev,1122.0436275691618
Azamat Murzakanov,1122.0036601739541
Nate Marquardt,1121.8936647329674
Marcin Tybura,1121.517696357541
Martin Kampmann,1121.4844782712898
Tim Sylvia,1121.3314274461952
Norma Dumont,1120.9517815613347
Evan Tanner,1120.9209982892821
Dominick Reyes,1120.708425212182
Jamahal Hill,1120.6554477464442
Mike Pierce,1119.5279414377962
Jake Ellenberger,1119.4911079030198
Kevin Holland,1119.476475045653
Daniel Rodriguez,1119.3308776456786
Mark Coleman,1119.2809208742015
Elizeu Zaleski dos Santos,1118.7510659624459
TJ Grant,1118.6994881574558
Mark Munoz,1118.5745122173244
Dominick Cruz,1118.2406422632982
Dennis Bermudez,1118.0618926044226
Alexa Grasso,1117.9838780692883
Chris Gutierrez,1117.9212868405318
Rinat Fakhretdinov,1117.2241412945034
Myles Jury,1116.3729882632645
Rick Story,1115.9185874961438
Pedro Munhoz,1115.843006010033
Darren Till,1115.5783311681494
Ronda Rousey,1115.363682916978
Bryan Battle,1115.3542753885072
Anthony Pettis,1115.0326272652367
Jussier Formiga,1114.9618498087139
Stefan Struve,1114.849143773069
Jasmine Jasudavicius,1114.6591571354238
Zabit Magomedsharipov,1114.469204372761
Nasrat Haqparast,1114.0648184693691
Paul Felder,1113.7593211612884
Anthony Rocco Martin,1113.679661140514
Rani Yahya,1113.5257392288047
Jack Hermansson,1113.4462080265748
Joshua Van,1113.4326509115544
Urijah Faber,1113.0203722359586
Corey Anderson,1113.0166881285486
Julianna Pena,1112.9863636674606
Uriah Hall,1112.892342202808
Paulo Costa,1112.2094466209671
Sergio Moraes,1112.1826761823654
Li Jingliang,1112.1518663173754
Tatsuro Taira,1112.0968061208844
Tai Tuivasa,1111.5567269295652
Francis Carmont,1111.283018302995
Gleison Tibau,1111.0597232769037
Chan Sung Jung,1110.9656449478023
Jake Matthews,1110.9504755819787
Jean Silva,1110.8616643437128
Gunnar Nelson,1110.6736724469424
Bryce Mitchell,1110.2627356104545
Travis Browne,1110.1204762779457
Brandon Royval,1109.7950680402917
Calvin Kattar,1109.7250657514364
Alex Morono,1109.6783533930409
Nathaniel Wood,1109.660426380334
Marina Rodriguez,1109.4710355009165
Mairbek Taisumov,1109.244247614314
James Krause,1109.0469260136695
Elias Theodorou,1108.6379506648143
Marlon Moraes,1108.5610466521766
Jens Pulver,1108.4792841161238
Reinier de Ridder,1108.189869804111
Matheus Nicolau,1108.131882304871
Ricco Rodriguez,1108.1205997738841
Forrest Griffin,1108.045712669251
Drew Dober,1107.6420534939996
Karo Parisyan,1107.5503979628886
Dennis Siver,1107.269205907092
Marcus Davis,1107.1891136392746
Muslim Salikhov,1107.0318293540556
Melvin Guillard,1106.5799921331989
Donald Cerrone,1106.5702373287068
Dan Henderson,1106.273384718522
Andre Muniz,1105.9076836499185
Mackenzie Dern,1105.5990037838155
Aleksandar Rakic,1105.529618089007
Amanda Lemos,1105.4644272892701
Carlos Prates,1105.3969281935385
Roger Huerta,1105.028599249913
Yan Xiaonan,1104.965955533334
Waldo Cortes-Acosta,1104.9312031315553
Joe Pyfer,1104.691014615909
Germaine de Randamie,1104.658683045061
Gillian Robertson,1104.5116248037666
Alan Belcher,1104.4298115780493
Michael Johnson,1103.9877842027452
Jimmie Rivera,1103.610694928754
Carlos Condit,1103.4901331976293
Jairzinho Rozenstruik,1103.2397844128589
Youssef Zalal,1102.9250941637017
Mike Malott,1102.7825499686662
Said Nurmagomedov,1102.6906624398662
Steve Garcia,1102.6123656820557
Nik Lentz,1102.443881278509
Sodiq Yusuff,1102.3820617407275
Dan Ige,1102.364254006223
Pedro Rizzo,1102.2105770600087
Mike Pyle,1101.9804830691578
Nicolas Dalby,1101.4524227958934
Alejandro Perez,1101.233885493244
Clay Guida,1101.2288285757777
Khalil Rountree Jr.,1101.0390754070065
Farid Basharat,1100.9917262821161
Josh Barnett,1100.988353020991
Olivier Aubin-Mercier,1100.7832604838675
Serghei Spivac,1100.4703322359007
Sean Woodson,1100.4176489079055
Cheick Kongo,1100.2414002630585
David Teymur,1100.0913473458068
Fares Ziam,1100.0913192925868
Zak Cummings,1100.079991887471
Nikita Krylov,1100.0642039429265
Antonio Carlos Junior,1100.0534060091845
Kyoji Horiguchi,1099.9377546532696
John Hathaway,1099.6389530442739
Brock Lesnar,1099.5662762470638
Frank Shamrock,1099.2828917981294
King Green,1098.6682936257205
Ryan LaFlare,1098.6335979011983
Matt Mitrione,1098.5490061022408
Claudio Silva,1098.4781747281882
Daniel Kelly,1098.4026774794206
Chael Sonnen,1098.3919426927266
Benoit Saint Denis,1098.1492301702751
Chepe Mariscal,1098.0581626703488
Omari Akhmedov,1097.7842432242887
Joanderson Brito,1097.43436096463
Evan Dunham,1097.2877934670087
Gregory Rodrigues,1097.2443232325804
Mauricio Rua,1096.9145643803538
Alex Perez,1096.6782734753817
Ovince Saint Preux,1096.6468573746267
JunYong Park,1096.4979544825121
Paul Craig,1096.224921211661
John Dodson,1095.953437194946
Alex Caceres,1095.8010989107709
Dan Hardy,1095.753488671128
Vinc Pichel,1095.40764969065
Alonzo Menifield,1095.2859023425235
Ryan Spann,1095.2691981301177
Kyler Phillips,1095.177656959977
Rousimar Palhares,1095.156673610391
Adrian Yanez,1094.9362575617745
Shane Burgos,1094.5195795408379
Takeya Mizugaki,1094.329758681527
Gabriel Bonfim,1094.2775139976814
Mirsad Bektic,1093.918370275591
Raoni Barcelos,1093.5423259039462
Ludovit Klein,1093.422732411207
Andre Petroski,1093.306791944502
Amir Albazi,1093.166076874482
Jimi Manuwa,1092.9851626410866
Vinicius Oliveira,1092.962030756675
Cristiane Justino,1092.6463816102928
Joe Lauzon,1092.5060359546312
Krzysztof Jotko,1092.5023780079573
Joe Stevenson,1092.4887823645697
Sergio Pettis,1092.4445704075304
Jeremy Stephens,1092.3031955716478
Nate Quarry,1091.9675258905704
Mark Hunt,1091.8907464207794
Tagir Ulanbekov,1091.7586730866255
Jonathan Pearce,1091.128967764137
Jalin Turner,1091.0107259562926
Constantinos Philippou,1090.9743344001056
Jared Rosholt,1090.9739882175036
Tyson Griffin,1090.9647033343897
Ben Rothwell,1090.8468917294927
Bryan Caraway,1090.685894764357
Chase Hooper,1090.5604246233504
Tim Boetsch,1090.1023259598062
Matt Wiman,1090.0474478113854
Alexandr Romanov,1090.0116978272358
Sam Alvey,1089.953148718615
Tracy Cortez,1089.9093924154029
Jack Shore,1089.565596528178
Shane Carwin,1089.2768992832666
Ignacio Bahamondes,1089.2756488325365
Yancy Medeiros,1088.9558915143168
Kyung Ho Kang,1088.6394185086945
Cynthia Calvillo,1088.555140385814
Khaos Williams,1088.4441118011105
Miranda Maverick,1088.338676637052
Warlley Alves,1088.2445928393802
David Onama,1088.0816892567018
Louis Smolka,1088.0650492785303
Ilir Latifi,1087.799445979307
Matt Lindland,1087.5492701555263
Cody Stamann,1087.3043014164043
Tecia Pennington,1087.0082266718
Ketlen Vieira,1086.7043708148028
Damir Ismagulov,1086.5168999765892
Jeremiah Wells,1086.5085976640755
Kai Kara-France,1086.4976106357378
Chris Daukaus,1086.4473139122833
Alexander Hernandez,1086.3284437220805
Chas Skelly,1086.2795688057602
Irene Aldana,1086.1799584201708
Abel Trujillo,1086.1645901188372
Rafael Natal,1086.1464731259296
Johnny Walker,1086.0123251508076
Thiago Silva,1085.9418823571314
Rashid Magomedov,1085.9067475884806
Ryan Hall,1085.4584146352993
Pat Sabatini,1085.4035873257533
Brian Ebersole,1085.3229110223115
Kurt Pellegrino,1085.1117014431632
Yves Edwards,1085.0914773246184
Daniel Marcos,1084.6306816212925
Misha Cirkunov,1084.504011419929
Dustin Jacoby,1084.2338074322165
Kayla Harrison,1084.1765933769477
Sean Sherk,1084.0374236867665
Spencer Fisher,1083.628073925618
Martin Buday,1083.5874442693041
Chris Leben,1083.4653144642195
Casey Kenney,1083.267472517241
Mike Russow,1082.9800081707738
Manel Kape,1082.9680411932786
Ikram Aliskerov,1082.8524873820413
Nazim Sadykhov,1082.681370580443
William Gomis,1082.5455115523032
Roy Nelson,1082.068691612912
Erik Perez,1082.0324368434858
Shara Magomedov,1081.7841541320743
Aleksei Oleinik,1081.6657822857414
Tabatha Ricci,1081.4450896480246
Amanda Ribas,1081.3166221800147
Edmen Shahbazyan,1081.274130221288
Scott Holtzman,1081.2164536948223
Albert Tumenov,1081.0584063099427
Eddie Alvarez,1080.9934531182048
Marcus McGhee,1080.9575093594224
Mark Madsen,1080.622764427926
Macy Chiasson,1080.3399474301082
Clint Hester,1080.2560037480503
Tim Means,1080.2187564546773
Asu Almabayev,1080.1468824702438
Brandon Vera,1080.057884655715
Da Woon Jung,1080.0295232559195
Cezar Ferreira,1079.8155867533133
Lauren Murphy,1079.684205802312
Claudio Puelles,1079.6308730761682
Oleg Taktarov,1079.6096068256793
Brad Riddell,1079.6033112415487
Ben Saunders,1079.5912191282887
Ramazan Emeev,1079.521787613635
Ken Shamrock,1079.4167948243082
Hakeem Dawodu,1079.2131695775809
Karine Silva,1078.6517086258239
Iuri Alcantara,1078.5790617748412
Loopy Godinez,1078.5059626022132
Ross Pearson,1077.8266732384095
Vladimir Matyushenko,1077.6017989651116
Melquizael Costa,1077.2730270171803
Gabriel Gonzaga,1077.2049104169803
Jordan Johnson,1077.0501245523294
Augusto Sakai,1077.01402704931
Chris Duncan,1076.9076864386054
Julian Erosa,1076.895842702612
Felice Herrig,1076.6884180723714
Bryan Barberena,1076.6784516315543
Chris Curtis,1076.4369034094564
Alan Jouban,1076.3785279819701
Volkan Oezdemir,1076.3333797037815
Johnny Case,1076.2829678043743
Chris Camozzi,1076.0834329629445
Alan Patrick,1076.0781085197077
Roman Kopylov,1075.7561851396906
Vitor Petrino,1075.7409600755877
Cathal Pendred,1075.6499472099151
Jerry Bohlander,1075.4748829202113
Bo Nickal,1075.2394609916355
Michael McDonald,1075.0322683332183
Chris Wade,1075.0185606792504
Ed Herman,1074.864483822793
Mick Parkin,1074.7016745066062
Joe Solecki,1074.661434805534
Loma Lookboonmee,1074.4793872918096
Casey O'Neill,1074.4573769678095
Stevie Ray,1074.3161791738119
Bogdan Guskov,1074.285130235999
Jason Knight,1074.1465553933242
Mark Kerr,1074.1211395613664
Holly Holm,1074.1020080416226
Nordine Taleb,1073.7722694789272
Thomas Almeida,1073.7023139684413
Wilson Gouveia,1073.660877960089
Justin Willis,1073.5497385566568
Jacqueline Cavalcanti,1073.3780891592946
Damon Jackson,1073.3205899953723
Patrick Cote,1073.1331023739835
John Howard,1073.028421776802
Rogerio Nogueira,1073.0226086778844
Steven Siler,1072.9642347586973
Andre Lima,1072.9258535884508
Thiago Tavares,1072.910186842693
Laverne Clark,1072.8505527229245
Ricardo Ramos,1072.6585871501588
Wilson Reis,1072.5996011625325
James Te Huna,1072.5427773161555
Danny Castillo,1072.5025237567781
Makwan Amirkhani,1072.3275882824737
Ailin Perez,1072.311184222504
Cole Miller,1072.2439196013845
Norman Parke,1072.1028105650184
Shawn Jordan,1072.1006336958997
Curtis Millender,1072.0617150993753
Jake Shields,1071.7937629072067
Askar Askarov,1071.6609917659891
Jared Gordon,1071.5830356885692
Guy Mezger,1071.433509189986
Davi Ramos,1071.3168933407424
Adriano Martins,1071.311140913448
Hermes Franca,1071.0433299517633
Tim Kennedy,1071.019338586447
Michael Page,1071.015658599667
CB Dollaway,1070.6861629848668
Dustin Ortiz,1070.6104030537651
Rafa Garcia,1070.4076707851773
Miguel Baeza,1070.3611631123106
Marcos Rogerio de Lima,1070.1286274248182
Chad Laprise,1070.0553219334595
Nick Diaz,1069.7363614836868
David Loiseau,1069.707814553262
Paulo Thiago,1069.4323842503888
Muhammad Naimov,1069.27297821474
Enrique Barzola,1069.1613134266663
Miesha Tate,1068.9901235728335
Mike Perry,1068.8242016003587
Chris Lytle,1068.6586427878135
Shamil Abdurakhimov,1068.6547114885188
Seth Baczynski,1068.5933832988383
Aaron Simpson,1068.5569589452496
John Makdessi,1068.5393430049799
Matthew Riddle,1068.5282268347087
Daniel Santos,1068.4992528114938
Quillan Salkilld,1068.456141880174
Josh Samman,1068.2980255605532
Karol Rosa,1068.2767947465395
Terry Etim,1068.0847642287688
Davey Grant,1067.9357277351774
Gerald Meerschaert,1067.908876928689
Renato Sobral,1067.8265435085011
Jacob Volkmann,1067.7891003127863
Taylor Lapilus,1067.7357579586037
Bruno Silva,1067.6590498123664
Trevin Giles,1067.6185168380357
Raul Rosas Jr.,1067.5737784410521
Keith Jardine,1067.430732304254
Iasmin Lucindo,1067.3090278010327
Christian Rodriguez,1067.0481963375873
Ray Borg,1066.7975154103249
John Moraga,1066.4985332183483
Modestas Bukauskas,1066.3741170174203
Michelle Waterson-Gomez,1066.2376921859163
Carlston Harris,1066.2116873148902
Antonio Rodrigo Nogueira,1066.1600189074554
Jaqueline Amorim,1066.1461591032908
Denise Gomes,1066.145346376162
Taila Santos,1066.0716903107875
Jon Madsen,1065.994495263493
JJ Aldrich,1065.967063519152
Niko Price,1065.7779073534516
Brian Stann,1065.7162074929622
Dustin Hazelett,1065.6062351952928
Andre Fili,1065.576742874971
Jimmy Crute,1065.5427692844053
Kennedy Nzechukwu,1065.4817927942856
Kyle Noke,1065.1438163306402
Claudia Gadelha,1064.9641541508688
Tim Credeur,1064.9307423211462
Miles Johns,1064.922175008742
Abus Magomedov,1064.7200012241613
Ronny Markes,1064.6428563670763
Mark Hominick,1064.6197328669302
Montana De La Rosa,1064.5013101950492
Din Thomas,1064.3575315610462
Hyder Amil,1064.2513034679596
Karolina Kowalkiewicz,1064.0318920640768
Edimilson Souza,1063.9345529682178
Dooho Choi,1063.9183172805642
Ali Bagautinov,1063.899652434332
Brian Kelleher,1063.883387282984
Alberto Mina,1063.8769042557772
Sage Northcutt,1063.7918027909232
Mike Davis,1063.7737021047205
Rodrigo Nascimento,1063.6902719984969
Billy Quarantillo,1063.6399967847753
Brendan Schaub,1063.2763307190073
Nursulton Ruziboev,1063.2553744671854
Marco Beltran,1063.04147666309
Nate Maness,1063.030997753026
Gavin Tucker,1063.028801167673
Sam Patterson,1062.9964443058182
Elves Brener,1062.9308204765769
Makhmud Muradov,1062.8625137675149
Matthew Semelsberger,1062.789239032888
Luke Barnatt,1062.695957328154
Thiago Moises,1062.6429189887997
Aspen Ladd,1062.562855281545
Mairon Santos,1062.4460610815072
Paul Sass,1062.3265231172459
Frankie Saenz,1062.307125616484
Mickey Gall,1062.295552640953
Mark Bocek,1062.2527710932704
Christian Leroy Duncan,1062.2236041306253
Rony Jason,1062.2117114293465
Matt Frevola,1062.160704354478
Steve Erceg,1062.1580038136249
Paige VanZant,1062.0315774544745
Alexis Davis,1061.9613476916998
Zhang Mingyang,1061.957096194604
Brett Johns,1061.886043396064
Caio Magalhaes,1061.8563206011588
Jorge Rivera,1061.7483005722784
Mauricio Ruffy,1061.45418603146
Mike Easton,1061.444527019782
Marion Reneau,1061.405878260216
Ruslan Magomedov,1061.3378833524114
Magnus Cedenblad,1061.2858828942294
Mateusz Rebecki,1061.242800711441
Claude Patrick,1061.1951741519022
Payton Talbott,1060.948594576458
Gerald Harris,1060.8995668041869
Kajan Johnson,1060.8850559608277
Patrick Smith,1060.7988064973456
Joe Duffy,1060.7244658218544
Tom Breese,1060.4124111885335
Elias Silverio,1060.1330784691652
Abdul Razak Alhassan,1059.8460974800046
Valter Walker,1059.6696205530834
Roland Delorme,1059.5253328331416
Marco Ruas,1059.5170323786222
Cameron Saaiman,1059.4243203189374
Jason Lambert,1059.385784870254
Viviane Araujo,1059.2780863942269
Kyle Kingsbury,1059.2544637150731
Andrea Lee,1059.1254840937286
Jose Quinonez,1059.0993849669196
Kendall Grove,1058.8825575819076
Dean Lister,1058.868754570051
Murilo Bustamante,1058.8365203541355
Lorenz Larkin,1058.8350167301246
Da'Mon Blackshear,1058.8107449558481
Mitch Gagnon,1058.78807682717
Roosevelt Roberts,1058.7659387414812
Gabriel Benitez,1058.7151914562844
Manuel Torres,1058.6842280400333
Victor Henry,1058.6688068416204
Diego Brandao,1058.5286443185862
Ricardo Almeida,1058.473080738437
Joaquim Silva,1058.4166149741723
Court McGee,1058.412433861655
Chris Cariaso,1058.3201562625393
Javid Basharat,1058.3106452212462
Brad Blackburn,1058.260964726416
Dan Miller,1058.234246022215
Marcus Brimage,1058.2042039268715
Akira Corassani,1058.1865051260697
Amir Sadollah,1058.097940909146
Yana Santos,1057.9791373493701
Phil Hawes,1057.9443906291233
Oban Elliott,1057.818186915612
Eliot Marshall,1057.7833561360721
Bethe Correia,1057.7209991500554
Krzysztof Soszynski,1057.707826861814
Jake O'Brien,1057.596103483461
Shonie Carter,1057.5844217429626
Max Griffin,1057.5619038142493
Mayra Bueno Silva,1057.557102322707
Rodolfo Vieira,1057.508974668318
Bartosz Fabinski,1057.3387495216637
HyunSung Park,1057.3057526716902
Erick Silva,1057.149147686409
Siyar Bahadurzada,1057.0733928888499
Rafael Estevam,1057.0085143667027
Jeremy Kennedy,1056.9077351235685
Hector Lombard,1056.8808953715154
Kiichi Kunimoto,1056.5706304980602
Chris Padilla,1056.5044955149917
Tom Nolan,1056.3571188398846
Manny Bermudez,1056.288852922305
Robert Peralta,1056.1142251183678
David Dvorak,1056.001659242756
Josiane Nunes,1055.9174684925335
Justin Ledet,1055.9079232454858
Matt Serra,1055.9064701555274
Nicolae Negumereanu,1055.6990607799696
Marc Diakiese,1055.6903197396714
Luana Santos,1055.6601549078325
Maryna Moroz,1055.6451819337092
Bill Algeo,1055.5742104685573
Nick Hein,1055.4588931098147
Valerie Letourneau,1055.3829211348263
Stephan Bonnar,1055.3267940539172
Alatengheili,1055.1976861294065
Michal Oleksiejczuk,1055.1026049879674
Marco Polo Reyes,1055.035025893039
Brunno Ferreira,1055.008572823342
Joshua Burkman,1054.9369950332743
Cody Durden,1054.8025479198373
Jeff Molina,1054.675673709802
Josh Thomson,1054.5243782163373
Zubaira Tukhugov,1054.4774853459676
Ian Heinisch,1054.1967646163323
SuYoung You,1054.0678008284387
Mohammed Usman,1053.9615640581012
Maurice Greene,1053.9309845849486
Charles Jourdain,1053.8433909930643
Paul Daley,1053.7434349183354
Jeremy Horn,1053.6856531030082
Navajo Stirling,1053.6837898604747
Charles Johnson,1053.5635295030245
Themba Gorimbo,1053.37858081914
Felipe Lima,1053.270469879381
Ben Nguyen,1053.1752640637826
Jordan Mein,1053.0002462694015
Ateba Gautier,1052.918486073678
Kevin Randleman,1052.8960312287059
Maurice Smith,1052.7706971242533
Rinya Nakamura,1052.768221740238
Jennifer Maia,1052.7514180280468
Vanessa Demopoulos,1052.7474985115555
Jason MacDonald,1052.491629987537
Daron Cruickshank,1052.4425793712073
Nate Landwehr,1052.2712864103173
Vitor Miranda,1052.1084737023486
David Abbott,1051.9813618382775
Phil Rowe,1051.9086138742084
Aleksei Kunchenko,1051.800622332088
Rich Clementi,1051.5814334837949
MarQuel Mederos,1051.574983742101
Song Kenan,1051.4718829067626
Myktybek Orolbai,1051.260403466497
Molly McCann,1051.1593933748077
Karl Williams,1051.0449400346854
Matt Schnell,1051.0142472723317
Alessio Sakara,1050.9646418831235
Marcio Cruz,1050.8179056279805
Antoni Hardonk,1050.805711405981
John Castaneda,1050.6915719290173
Ivan Salaverry,1050.627292979826
Sam Hughes,1050.571049950778
Michael Chandler,1050.5592380742753
Danny Roberts,1050.5360906310254
Esteban Ribovics,1050.1312830533739
Luis Pena,1050.0509487687225
Khama Worthy,1049.8521568165927
Luana Pinheiro,1049.8329673443013
Joselyne Edwards,1049.8285391510085
Sean Pierson,1049.7679055748076
Pete Williams,1049.537514661568
Shamil Gaziev,1049.3907278115366
Tatsuya Kawajiri,1049.0674904198404
David Branch,1049.0300251067815
Lucas Martins,1048.8219848159968
Uros Medic,1048.6721235130099
Philipe Lins,1048.5248449956491
Greg Hardy,1048.4866802598847
Sara McMann,1048.2810997454521
Jean Matsumoto,1048.2364953276283
Charlie Brenneman,1048.1576509752506
Ian Freeman,1047.8353041226362
Cat Zingano,1047.7596737709976
Nick Osipczak,1047.728152423262
Karl Roberson,1047.6345132460724
Douglas Silva de Andrade,1047.4226134894238
Luiz Cane,1047.3738345468919
Patrick Cummins,1047.2346132032092
Jeff Monson,1047.2002745167483
Kevin Burns,1047.1866202309875
Kevin Aguilar,1047.0945313516818
Saidyokub Kakhramonov,1046.9899906259636
Bas Rutten,1046.898228329233
David Martinez,1046.7126763252775
Chidi Njokuani,1046.7063635690276
TJ Waldburger,1046.5689977721677
Tim Elliott,1046.5250021389666
Andrew Craig,1046.515561369325
Mario Pinto,1046.4452990384498
Magomed Mustafaev,1046.2427144454437
Pannie Kianzad,1046.2318494189908
Alex Garcia,1046.148645905146
Nina Nunes,1046.1104015093645
Johnny Bedford,1046.0
Sabina Mazo,1045.9568384128102
Nora Cornolle,1045.911043322811
Allan Nascimento,1045.7115565112374
Ivan Menjivar,1045.705572036211
Paul Buentello,1045.6998608568617
Henrique da Silva,1045.6978506267003
Hyun Gyu Lim,1045.5828841410105
Alexia Thainara,1045.5525360154393
Eduarda Moura,1045.5354080802317
Daniel Omielanczuk,1045.4313274334766
Brady Hiestand,1045.4205141709915
Tomasz Drwal,1045.3819948964695
Sam Stout,1045.3575880284307
Ariane da Silva,1045.3302168074263
George Sullivan,1045.2171371923307
Herbert Burns,1045.195428407898
Houston Alexander,1045.0856732733785
Guangyou Ning,1044.8732855513895
Tom Lawlor,1044.4884163519473
Efrain Escudero,1044.3853451587868
Ramiz Brahimaj,1044.3667318505873
Paul Kelly,1044.3590357726791
Eryk Anders,1044.3281232053885
Duane Ludwig,1044.1926789182842
William Knight,1044.1847375397406
Jose Delgado,1043.9574256645249
Azamat Bekoev,1043.8622570341388
Josh Culibao,1043.811286711932
Russell Doane,1043.7576469573346
Yves Jabouin,1043.729863809483
Daniel Roberts,1043.7142893349314
Jhonata Diniz,1043.6941775316764
Ramazan Temirov,1043.6220988911377
Eddie Sanchez,1043.6080502301559
Angela Hill,1043.5574653326798
Terrance McKinney,1043.5451278909948
Gadzhimurad Antigulov,1043.5050782163144
Adlan Amagov,1043.5035830170368
John Maguire,1043.4382572179838
Ottman Azaitar,1043.3909485115878
Melissa Gatto,1043.360520069394
Phillip Miller,1043.102148183808
Desmond Green,1043.0695685287565
Diego Rivas,1043.0108560137114
Daniel Zellhuber,1042.8871119650994
Brandon Thatch,1042.8865717013462
Soa Palelei,1042.8610139257792
Michael Graves,1042.8462990144255
Joanne Wood,1042.44473533658
Antonio Silva,1042.4193353300834
Jacobe Smith,1042.3885868379236
Walt Harris,1042.3151780690807
Timur Valiev,1042.266715184523
Andre Ewell,1042.262527827298
Jordan Leavitt,1042.2371374652794
Chris Holdsworth,1042.2198435178552
Teruto Ishihara,1042.1081308235684
Fredy Serrano,1042.0724988765792
Todd Duffee,1042.0713711160663
Mac Danzig,1042.035096944509
Jess Liaudin,1042.0
Daniel Pineda,1042.0
Joe Proctor,1041.990759697907
Francisco Rivera,1041.9406346988767
Mark Hall,1041.914523763466
Eugene Jackson,1041.8681545209902
Brock Larson,1041.589179303108
Igor Araujo,1041.5771000985194
Armen Petrosyan,1041.5676547022333
Trey Waters,1041.501985093103
Damir Hadzovic,1041.4374383311101
Laureano Staropoli,1041.2424323975438
Kevin Jousset,1041.1900185145598
Devonte Smith,1041.1797392874803
Nurullo Aliev,1041.114812212335
Andrew Sanchez,1041.090919971496
Melsik Baghdasaryan,1041.0335551681828
Rich Attonito,1041.0335551681828
Chris Beal,1041.0335551681828
Don Madge,1041.0335551681828
Phil Baroni,1041.0297888196533
Nick Ring,1041.0271498391269
Tyson Pedro,1040.9952509475768
Erik Koch,1040.9125218783365
Brian Bowles,1040.9125218783365
Tsuyoshi Kohsaka,1040.8936983738602
Jason Brilz,1040.8750439823104
Danny Silva,1040.872854433425
Danny Barlow,1040.8345396117168
Punahele Soriano,1040.8289246704317
Viviane Pereira,1040.7207873020348
Dylan Andrews,1040.6767234504805
Oumar Sy,1040.62800673294
Ronnie Lawrence,1040.5206182668323
Ramsey Nijem,1040.4951665514895
Clayton Carpenter,1040.4938010487137
Cesar Almeida,1040.475170784918
Lavar Johnson,1040.4710777638934
Kevin Vallejos,1040.4254078301583
Felipe Arantes,1040.402182072522
Mizuki,1040.3926834239228
Tanner Boser,1040.321104588796
Nick Maximov,1040.2652786989092
Julio Arce,1040.2469105603195
Jason Saggo,1040.2374070733097
Mansur Abdul-Malik,1040.1465248930954
Pablo Garza,1040.1106777714813
Joel Sutton,1040.1106777714813
Steve Jennum,1040.1106777714813
Kevin Jackson,1040.1106777714813
Michael Trizano,1040.0876508150686
Tony Gravely,1040.0812980856567
Hacran Dias,1040.0736188042854
Marco Tulio,1039.6791773882085
Omar Morales,1039.6755246118562
Hugo Viana,1039.6464589706552
Hatsu Hioki,1039.630757518294
Blagoy Ivanov,1039.6110692197183
Ildemar Alcantara,1039.6039748970725
Kaue Fernandes,1039.4959807027778
Darren Uyenoyama,1039.4775270374316
Jessica-Rose Clark,1039.4737899473573
Kenny Robertson,1039.445109848736
Lyman Good,1039.3556600754966
Nicholas Musoke,1039.3507331326412
Zach Makovsky,1039.3457676380908
Eddie Wineland,1039.3309092003158
Darren Stewart,1039.3242078932942
Trevor Prangley,1039.3225774104885
Charlie Campbell,1039.2724535413204
Joey Beltran,1039.2600792988508
Luana Carolina,1039.251296418326
Kenichi Yamamoto,1039.2423983780457
David Heath,1039.2006454966488
Mike van Arsdale,1039.2006454966488
Poliana Botelho,1039.1993027415888
Tony DeSouza,1039.198702027029
Danny Henry,1039.198702027029
Jesus Aguilar,1039.1350759115066
Adam Wieczorek,1039.1040094398288
Tainara Lisboa,1039.1016030719034
ChangHo Lee,1039.093600098558
Carlos Newton,1038.9587765085857
Carlos Felipe,1038.8410994504559
Jimy Hettes,1038.7214309114634
Cory McKenna,1038.4323931525228
Bea Malecki,1038.3313557733854
Royston Wee,1038.2844781209799
Zhang Lipeng,1038.2844781209799
Nad Narimani,1038.2844781209799
Josefine Knutsson,1038.2844781209799
Julian Marquez,1038.241198985652
Brad Katona,1038.134201556208
Rob Emerson,1037.9793014035708
Shane Nelson,1037.9361009090608
Malcolm Wellmaker,1037.7209546095917
Rogerio Bontorin,1037.69687609874
Jack Jenkins,1037.655758585261
JeongYeong Lee,1037.6119442118443
Rodrigo Damm,1037.5783327952965
Scott Jorgensen,1037.4542968316237
Ibo Aslan,1037.3431092086732
Rory Singer,1037.3268905580496
Alex Hunter,1037.2965524524368
Oskar Piechota,1037.2243720099596
Lone'er Kavanagh,1037.2208648040569
Arjan Bhullar,1036.9980537993847
Pingyuan Liu,1036.9099258169285
Dave Menne,1036.9083757344551
Juan Espino,1036.8862878730456
Yazmin Jauregui,1036.859257407925
Aleksandra Albu,1036.7045944855256
Justine Kish,1036.576344247881
Piera Rodriguez,1036.5752329509448
Ben Askren,1036.5337343364197
Igor Pokrajac,1036.5049405741702
Charles Radtke,1036.38960350281
Sijara Eubanks,1036.364922279546
Livinha Souza,1036.3026348823794
Ion Cutelaba,1036.2473760044813
Batgerel Danaa,1036.0765503572686
Viscardi Andrade,1036.0730488022455
Devin Clark,1035.9823387109566
Jamie Varner,1035.9790878982485
Francimar Barroso,1035.9551966534584
Jamie Mullarkey,1035.3895288034958
Danilo Marques,1035.1745512943194
Ronaldo Rodriguez,1035.1656149465728
Joe Riggs,1035.110539078225
Raulian Paiva,1034.851453891253
Elijah Smith,1034.8117081917853
Justin Scoggins,1034.717869714861
KJ Noons,1034.6505046671048
Morgan Charriere,1034.6109273340849
Parker Porter,1034.4412676522995
Paddy Holohan,1034.375097397014
Julia Avila,1034.3304737309334
Tarec Saffiedine,1034.3059813435002
Fabio Maldonado,1034.2822802445457
Ismail Naurdiev,1034.1334386793699
David Terrell,1033.903742289132
Fabiano Iha,1033.5865551428149
Frank Trigg,1033.419474176547
Mirko Filipovic,1033.333337479963
Ante Delija,1033.1739026976568
Joe Soto,1032.99112514094
Shayilan Nuerdanbieke,1032.7786421997585
Godofredo Pepey,1032.529405647948
Ismael Bonfim,1032.449300756914
Takanori Gomi,1032.332753106171
Trevor Smith,1032.3124167180115
Sumudaerji,1032.2619145699546
Wanderlei Silva,1032.1062291698597
Ricky Glenn,1032.0229269747877
Wang Cong,1031.8811170786205
Christos Giagos,1031.5667368600853
Jacob Malkoun,1031.3509211118894
Drew Fickett,1031.0882913985763
Gian Villante,1031.0870516127711
Tamdan McCrory,1030.8376119693116
Maximo Blanco,1030.8073290625618
Fatima Kline,1030.7371743773883
Matthew Lopez,1030.7361602208389
Liz Carmouche,1030.481479347128
Caol Uno,1030.363120835549
Sergey Khandozhko,1030.336275181817
Goran Reljic,1030.1731782897311
Andre Fialho,1029.9400667340276
Peter Sobotta,1029.7067098411128
Viktoriia Dudakova,1029.6753239403256
James Irvin,1029.652865554172
Josh Neer,1029.6227151235694
Falaniko Vitale,1029.6208857423228
Chance Rencountre,1029.553136023369
Jack Marshman,1029.4990272873956
Marc-Andre Barriault,1029.3595565049964
Kyle Nelson,1029.196836387086
Cung Le,1028.9522292667639
Stephanie Egger,1028.7093752017115
James Head,1028.6860435120577
Khalid Murtazaliev,1028.4717580727859
Dwight Grant,1028.454954787991
Brad Pickett,1028.4425275364943
Piotr Hallmann,1028.4054211165194
Reza Madadi,1028.3494553207345
Eric Spicely,1028.0015003244414
Mason Jones,1027.9728271122835
Cyrille Diabate,1027.931657403125
Jafel Filho,1027.652833603171
Yousri Belgaroui,1027.5916036819694
Nikolas Motta,1027.5375067940925
Zak Ottow,1027.5295312435426
Megan Anderson,1027.3265620452912
Cam Rowston,1027.1517530538265
Jutaro Nakao,1027.0882607568396
Paul Varelans,1027.0430648220583
Diego Nunes,1027.0343297402637
Yoshiyuki Yoshida,1027.011088752468
Justin Tafa,1026.9956479557743
Mike Grundy,1026.9899692223614
Jake Hecht,1026.9885492917329
DaMarques Johnson,1026.9424798730863
Jonathan Goulet,1026.6837583123863
Gabe Green,1026.565026561539
Joe Charles,1026.4486398584654
Gan McGee,1026.4356971122484
Shane Roller,1026.4241277163526
Pete Spratt,1026.3959992049306
Mounir Lazzez,1026.3610999351151
Leandro Silva,1026.3043565887665
Keith Hackney,1026.2147795592664
Roan Carneiro,1026.1938410824093
Chelsea Chandler,1026.179165396881
Will Brooks,1026.1506009169514
Brian Johnston,1026.149404299185
Luigi Fioravanti,1025.9252196906273
Trevin Jones,1025.897794082669
Neil Seery,1025.8454578056846
Brian Melancon,1025.8321295487926
Veronica Hardy,1025.808260762253
Elvis Sinosic,1025.6782159626268
Andreas Gustafsson,1025.6295092483385
Maiquel Falcao,1025.6141808288496
Semmy Schilt,1025.6110789884651
Trey Ogden,1025.5770430636192
Leandro Issa,1025.538344865934
Johnny Eduardo,1025.427341435823
Ryan Jimmo,1025.3990086737915
Akihiro Gono,1025.3870532564417
Shinsho Anzai,1025.3360024977703
Seokhyeon Ko,1025.3184579077044
Ashlee Evans-Smith,1025.2252474540792
Ikuhisa Minowa,1025.2066828057991
Dmitry Sosnovskiy,1025.1931201373127
Gabriella Fernandes,1025.1402726799433
Luis Henrique,1025.1285886304117
Darrick Minner,1025.0799338615925
SeungWoo Choi,1025.0717851273807
Emily Whitmire,1025.0407325033539
Antonina Shevchenko,1024.995620656699
Sanae Kikuta,1024.995463225022
Dave Beneteau,1024.964392133064
Takashi Sato,1024.9405258826464
Scott Ferrozzo,1024.91935977194
Dustin Kimura,1024.8755381187418
Brian Foster,1024.8688809465582
Lucas Almeida,1024.8009113671458
Isaac Vallie-Flagg,1024.7916536268644
Tony Fryklund,1024.7712811499173
Ketlen Souza,1024.7215800641115
Jonny Parsons,1024.678733182522
Shauna Bannon,1024.650319462899
Dennis Hallman,1024.5859716122638
Melissa Croden,1024.5710175066386
Sheymon Moraes,1024.5587092504977
Bart Palaszewski,1024.5581577899734
Felicia Spencer,1024.5165369189758
Hector Sandoval,1024.4429198501227
Tom Niinimaki,1024.4330517420447
Antonio Carvalho,1024.3451999846443
Remco Pardoel,1024.3413668923108
Yoshihiro Akiyama,1024.2849890137015
Damian Stasiak,1024.2363509621207
Kamuela Kirk,1024.2138339738538
Mike Wilkinson,1024.1758542779546
Andrew Holbrook,1024.1229004662453
Alden Coria,1024.0647043951346
Isaac Dulgarian,1024.0385862352111
Shane Young,1023.9857804908903
Jason Day,1023.9245731358873
Luke Sanders,1023.9134729014684
Alexander Yakovlev,1023.886060009867
Lance Benoist,1023.8342685069081
Katsunori Kikuno,1023.7272219799186
Fernando Padilla,1023.7219168144575
Irina Alekseeva,1023.7102416912383
Daria Zhelezniakova,1023.6873588108062
Michelle Montague,1023.5599297634963
Jessica Eye,1023.5522442840105
Carmelo Marrero,1023.4827084989049
Timothy Johnson,1023.4303113622715
Andrei Semenov,1023.3986363249105
Niklas Backstrom,1023.2980501156377
Brianna Fortino,1023.2846374369769
Tom Duquesnoy,1023.2126268433029
Junior Albini,1023.2017188026991
Stanislav Nedkov,1023.1954405587961
Emil Meek,1023.1695304234901
Humberto Bandenay,1023.1605500128851
Serhiy Sidey,1023.1585396109689
Michinori Tanaka,1023.1125212337923
Alessio Di Chirico,1023.0687379175392
Andre Winner,1023.05161340042
Lee Murray,1023.0512053657881
Lina Lansberg,1023.0182668603659
Ricardo Abreu,1023.0
Dave Herman,1023.0
Martin Bravo,1023.0
Nick Pace,1023.0
Simeon Thoresen,1023.0
Dalcha Lungiambula,1023.0
Robert McDaniel,1023.0
Junie Browning,1023.0
Henry Briones,1023.0
Rolando Delgado,1023.0
Baisangur Susurkaev,1023.0
Nick Catone,1023.0
Shana Dobson,1023.0
Jesse Lennox,1023.0
Ryan Loder,1023.0
Rob Broughton,1023.0
Justin Lawrence,1023.0
Aliaskhab Khizriev,1023.0
James McSweeney,1023.0
Nathan Fletcher,1023.0
Shi Ming,1023.0
Sasha Palatnikov,1023.0
John Cholish,1023.0
Genki Sudo,1023.0
Lance Gibson,1023.0
Anshul Jubli,1023.0
Marcos Vinicius,1023.0
Kay Hansen,1023.0
Paul Taylor,1023.0
Thiago Perpetuo,1023.0
John Lewis,1023.0
Yuki Kondo,1023.0
Josh Sampo,1023.0
War Machine,1023.0
Bob Cook,1023.0
Tom Murphy,1023.0
Juliana Miller,1023.0
Sam Sicilia,1023.0
Glaico Franca Moreira,1023.0
Issei Tamura,1022.9163001764813
Jose Torres,1022.8988660259402
Che Mills,1022.8884484193576
Jon Tuck,1022.8717717168709
Luke Cummo,1022.8456739106551
Pat Barry,1022.8148817208001
Tim Hague,1022.8060152251552
Mark Schultz,1022.798674519554
Justin McCully,1022.7801374447421
Masanori Kanehara,1022.7444930233441
Justin Eilers,1022.6900559157668
Mike Massenzio,1022.501843999378
Eric Schafer,1022.45761789847
Kron Gracie,1022.3783748685905
Ji Yeon Kim,1022.3744405729354
Jason Von Flue,1022.3606111060997
Tony Kelley,1022.3504127590072
Gilbert Melendez,1022.3345058435912
Damien Brown,1022.3339555463249
Melissa Mullins,1022.2902791253024
Leslie Smith,1022.2173297188306
Kalib Starnes,1022.2096743737965
Pete Sell,1022.1524087720732
Steve Bosse,1022.1349526321054
Tristan Connelly,1022.1228781049953
Lauren Mueller,1022.0576666789382
Yuta Sasaki,1022.0540607752707
Drew McFedries,1022.0395222168407
Lucie Pudilova,1021.9477081315644
Rodolfo Bellato,1021.9384239528185
Chris Kelades,1021.8976289142637
Carlo Prater,1021.875419896961
Jonathan Micallef,1021.8734112606055
Waylon Lowe,1021.8417026658128
Muin Gafurov,1021.8410412308438
Pascal Krauss,1021.7916409102364
Stephanie Luciano,1021.7845232323615
Jonathan Brookins,1021.7369014553694
Christian Wellisch,1021.7265628239825
Sam Adkins,1021.7155892129579
Tallison Teixeira,1021.6836297663573
Bibulatov Magomed,1021.6479487664228
Hans Stringer,1021.6340492658237
Juliana Lima,1021.6285379953162
Bruno Lopes,1021.6213528452108
Renato Verissimo,1021.6098681839076
Hamdy Abdelwahab,1021.5960411961374
Bojan Velickovic,1021.5791638893899
Alptekin Ozkilic,1021.5715582129287
Montse Rendon,1021.5711893826415
Javier Vazquez,1021.5397303036208
Maheshate,1021.5130553732291
Joe Slick,1021.4772589161594
Jamey-Lyn Horth,1021.4234451968092
Ariane Carnelossi,1021.4126215767828
Travis Lutter,1021.4104174697213
Wang Guan,1021.3943652433702
Cody Brundage,1021.3796428091455
Austin Lingo,1021.352793127692
Mark Godbeer,1021.3477084652743
Cole Smith,1021.3116162755592
Jake Hadley,1021.2458828103388
Islam Dulatov,1021.2288833191903
Austin Vanderford,1021.2156132500247
Johnny Rhodes,1021.1710871219915
Chad Anheliger,1021.1433182441231
Hunter Azure,1021.1098469065537
Jonathan Wilson,1021.0924112000567
Wesley Correira,1021.0890071840206
Dan Christison,1021.027149839127
Talita Alencar,1021.0254780728505
Mark Weir,1021.0133772447173
Rachael Ostovich,1021.0
Mara Romero Borella,1021.0
Yorgan De Castro,1021.0
Christian Aguilera,1021.0
Aisling Daly,1021.0
Tony Sims,1021.0
Brando Pericic,1021.0
Charles Byrd,1021.0
Joseph Morales,1021.0
Daniil Donchenko,1021.0
DongHun Choi,1021.0
Jimmy Flick,1021.0
Eddie Gordon,1021.0
Polyana Viana,1021.0
Spike Carlyle,1021.0
Alvaro Herrera Mendoza,1021.0
Yanal Ashmouz,1021.0
Scott Morris,1021.0
Roberto Traven,1021.0
Paul Jones,1021.0
Gary Goodridge,1021.0
Cesar Marscucci,1021.0
Mike Ciesnolevicz,1021.0
Mike Nickels,1021.0
Walel Watson,1021.0
Tulio Palhares,1021.0
Kazushi Sakuraba,1021.0
Justin Martin,1021.0
Roman Mitichyan,1021.0
Marcelo Mello,1021.0
Troy Mandaloniz,1021.0
Ron Waterman,1021.0
Enson Inoue,1021.0
Sione Latu,1021.0
Chris Brennan,1021.0
Jonathan Wiezorek,1021.0
Scott Bessac,1021.0
Matt Arroyo,1021.0
Onassis Parungao,1021.0
Ben Alloway,1021.0
Dwayne Cason,1021.0
Jon Hess,1021.0
Tor Troeng,1021.0
John Albert,1021.0
Anying Wang,1021.0
Mikey Burnett,1021.0
Rafael Carino,1021.0
Branden Lee Hinkle,1021.0
Nate Loughran,1021.0
Anthony Torres,1021.0
Steve Nelmark,1021.0
Rory Markham,1021.0
Cody McKenzie,1021.0
Shannon Gugerty,1021.0
Frank Hamaker,1021.0
Steve Cantwell,1021.0
Alex Karalexis,1021.0
Sean McCorkle,1021.0
Scott Adams,1021.0
Mackens Semerzier,1021.0
Antonio Braga Neto,1021.0
James Wilks,1021.0
Aleksa Camur,1020.9803248283108
Bia Mesquita,1020.9671259568448
Sarah Moras,1020.9564644316546
Juan Adams,1020.947999693478
Corey Hill,1020.9307423211461
Matt Veach,1020.907929829097
Adam Milstead,1020.7596770921367
Bogdan Grad,1020.7476147577639
Mike Rio,1020.7385884434103
Bec Rawlings,1020.6596220898971
Abu Azaitar,1020.507787576541
Marcus Aurelio,1020.4972486831947
Emily Ducote,1020.4939307044098
Carli Judice,1020.4693466688557
Philip De Fries,1020.4513348750769
Shamil Gamzatov,1020.4389145527217
Jorge Gurgel,1020.3332691097197
Loik Radzhabov,1020.302986697362
Cameron Smotherman,1020.2926841869838
Santiago Luna,1020.2532422414365
Miguel Torres,1020.1091421604257
Ken Stone,1020.1079294869254
Noad Lahat,1020.1077947692344
Kazuki Tokudome,1020.1046976452766
Yui Chul Nam,1020.0083657393786
Dione Barbosa,1020.0
Victor Hugo,1020.0
Kai Kamaka,1020.0
Bolaji Oki,1020.0
Chris Cope,1020.0
John Gunther,1020.0
Masio Fullen,1020.0
Benji Radach,1020.0
Reginaldo Vieira,1020.0
Heather Clark,1020.0
Justin Salas,1020.0
Ramon Taveras,1020.0
Ben Earwood,1020.0
Mark Hughes,1020.0
Logan Clark,1020.0
Yoshiki Takahashi,1020.0
Jessica Penne,1020.0
Jessamyn Duke,1020.0
Carlos Hernandez,1020.0
Shamar Bailey,1020.0
Jeff Hougland,1020.0
Ryan Janes,1020.0
Clay Harvison,1020.0
Chris Gruetzemacher,1020.0
Sam Hoger,1020.0
Sarah Kaufman,1020.0
Jessin Ayari,1020.0
Clifford Starks,1020.0
Richard Walsh,1020.0
Buddy Roberts,1020.0
Ernest Chavez,1020.0
Ricky Turcios,1020.0
Tafon Nchukwi,1020.0
Naoki Inoue,1020.0
Miranda Granger,1020.0
Tiago dos Santos e Silva,1020.0
Geraldo de Freitas,1020.0
Dave Strasser,1020.0
Ian Loveland,1020.0
Guram Kutateladze,1020.0
Kyle Watson,1020.0
Patrick Walsh,1020.0
Josh Stansbury,1020.0
Joe Ellenberger,1020.0
Leah Letson,1020.0
Nick Thompson,1020.0
Mark Eddiva,1020.0
Erick Montano,1020.0
Colton Smith,1020.0
Aleksandre Topuria,1020.0
Jim Alers,1020.0
Nah-Shon Burrell,1020.0
Montserrat Conejo Ruiz,1020.0
Tyson Nam,1019.9480894354855
Sergey Morozov,1019.8876912395993
Daichi Abe,1019.8720658891386
Danielle Taylor,1019.8694521552807
Marcel Fortuna,1019.8609182373085
Rei Tsuruya,1019.8420938447026
Benito Lopez,1019.8195864082959
Levan Makashvili,1019.7559184552729
Zachary Reese,1019.7331509044291
Azat Maksum,1019.730158978229
Evan Elder,1019.6982490107654
Dan Cramer,1019.6375205186746
Jorge Santiago,1019.6082118227562
Josh Quinlan,1019.5862401103753
Zhang Tiequan,1019.507513068826
Robert Whiteford,1019.4817105821784
Darko Stosic,1019.4733427548549
Jamal Pogues,1019.4561806694276
Edwin Figueroa,1019.4248522069547
Manvel Gamburyan,1019.397833571169
Albert Duraev,1019.3686078435734
Garrett Armfield,1019.3118460876638
Ebenezer Fontes Braga,1019.3034920547174
Augusto Montano,1019.2978591751107
Ricardo Romero,1019.2185653658755
Jordan Espinosa,1019.2075299484798
Victor Altamirano,1019.2052766610313
Justin Jaynes,1019.2009757873681
Jakub Wiklacz,1019.1423271382175
Viacheslav Borshchev,1019.1242308758898
Nick Denis,1019.1106777714813
Galore Bofando,1019.1106777714813
Abdul-Kerim Edilov,1019.0954299607329
Cody Donovan,1019.0774688481436
Francis Marshall,1019.0748968815028
Axel Sola,1019.0228653802641
Marcelo Golm,1018.9560446917064
Rob Kimmons,1018.9508306699453
Billy Ray Goff,1018.9415288949253
Carlos Eduardo Rocha,1018.935232926592
Tedd Williams,1018.9231170527887
Carlo Pedersoli Jr.,1018.888949661897
JooSang Yoo,1018.8095315178325
Tucker Lutz,1018.7171712974804
Gokhan Saki,1018.6762260380608
Jesus Pinedo,1018.5274215578917
Nadia Kassem,1018.5174691695277
Francisco Trevino,1018.5096786123821
Jenel Lausa,1018.4943056532203
Blake Bilder,1018.4913653758041
Jordan Wright,1018.427076601158
Andre Roberts,1018.4211028953121
Impa Kasanganay,1018.39922384765
Luke Jumeau,1018.3870732765519
Cody Haddon,1018.3587318799313
Cheyanne Vlismas,1018.3208191039429
Chico Camus,1018.3061077232846
Nicco Montano,1018.28447812098
Jarred Brooks,1018.28447812098
Milana Dudieva,1018.28447812098
Puja Tomar,1018.28447812098
Mariya Agapova,1018.28287217802
Eduardo Garagorri,1018.2331151214192
Magomed Gadzhiyasulov,1018.2006454966488
Forrest Petz,1018.2006454966488
Marcelo Guimaraes,1018.2006454966488
Anthony Perosh,1018.1846085189627
Cristian Quinonez,1018.1526989430677
Tyrone Roberts,1018.1485522851596
Kevin Ferguson,1018.1425439098215
Syuri Kondo,1018.1349103128522
Brok Weaver,1018.1008559435714
Mike Kyle,1018.0705756422803
Trevor Peek,1018.0630867414827
Torrez Finney,1018.0335551681828
Francisco Figueiredo,1017.9658806152029
Felipe Silva,1017.9401506267776
Yan Cabral,1017.8930120540231
Luis Saldana,1017.8653143220833
Ange Loosa,1017.8542745257865
Danny Chavez,1017.7416136240641
Kanako Murata,1017.6967300691598
Hector Urbina,1017.6524301274674
Tamires Vidal,1017.6463621811006
Sean Spencer,1017.5279663793724
Alex White,1017.4695530779516
Taiyilake Nueraji,1017.4671277334154
Robelis Despaigne,1017.4661124378613
Patricio Freire,1017.4544849142529
Dusko Todorovic,1017.2517696910538
Charles Rosa,1017.1269411600207
Yadier del Valle,1017.0115931066049
Mana Martinez,1016.875573578557
Ode Osbourne,1016.8706405210776
Jamie Moyle,1016.7202280072322
Dong Hyun Ma,1016.6280210599306
Sirwan Kakai,1016.5658361080301
CJ Vergara,1016.4673496532498
Chris Clements,1016.4227840637033
Deron Winn,1016.4070599373446
Mark De La Rosa,1016.0073827191302
Natan Levy,1015.5864791842602
Lando Vannata,1015.5001185053503
Gaston Bolanos,1015.1653025033756
Ivan Jorge,1015.1475157812134
Don'Tale Mayes,1015.0934048410701
Abubakar Nurmagomedov,1015.0382488858389
Randy Costa,1015.014951542093
Ryan Benoit,1014.7081275331215
Priscila Cachoeira,1014.7038318311128
Anthony Njokuani,1014.2503397634939
Hannah Cifers,1014.2424205869796
Gabriel Santos,1013.5564359077589
Carlos Leal,1013.2564778808647
Jordan Rinaldi,1013.2526230532534
Sedriques Dumas,1012.7591212847246
Julia Polastri,1012.3859838115076
Dhiego Lima,1012.1127831929097
Jake Rosholt,1011.9338852452186
Wellington Turman,1011.4692763049507
Austin Hubbard,1011.274523762697
Kyle Daukaus,1011.0976286672077
Mitch Clarke,1011.0160817670346
Ian McCall,1010.8774796842009
Chris Wilson,1010.6837324350913
Preston Parsons,1010.4773460136158
Alessandro Costa,1010.4671794603865
Vince Morales,1010.2139869891048
Tom Watson,1009.99570946302
James Moontasri,1009.5220147953823
Sean O'Connell,1009.0055130774468
Jason High,1008.8251019475666
Bassil Hafez,1008.6631827646885
Robert Bryczek,1008.6494538279854
Artem Lobov,1008.5904579645427
Ryo Chonan,1008.5827699148892
Leonard Garcia,1008.2961282765997
Jared Hamman,1008.286071834189
Jamall Emmers,1008.2583553367236
Bekzat Almakhan,1008.2105990536684
Maxim Grishin,1008.1986487537445
Justin Buchholz,1008.1075616234671
Mike de la Torre,1007.9915057216257
Steven Peterson,1007.9905239528828
Tresean Gore,1007.8996485190997
Sultan Aliev,1007.831568498531
Jason Witt,1007.7952782396337
Roxanne Modafferi,1007.7515402914192
Rafael Alves,1007.7084628763763
Heath Herring,1007.4910294105915
Ihor Potieria,1007.385277316552
Malcolm Gordon,1007.3300459172434
Mario Miranda,1007.2176070901882
Geane Herrera,1007.205918250427
Vagner Rocha,1007.1029157736972
Kyle Bochniak,1007.0657650283067
Brad Scott,1007.0108575021244
Terry Martin,1007.004678078482
Shane Campbell,1006.8745953067735
Randa Markos,1006.7825060676498
Darrell Horcher,1006.7584025324921
David Bielkheden,1006.5153812097082
Greg Soto,1006.5060688468153
Alvin Robinson,1006.4814032574013
Caolan Loughran,1006.2901816757693
Markus Perez,1006.2584500768166
Austin Bashi,1006.0820957387476
Kuniyoshi Hironaka,1006.0590390843146
Jose Ochoa,1006.0561311095852
Francisco Prado,1006.0404279774781
Augusto Mendes,1005.963981968493
Brendson Ribeiro,1005.9497981905138
Fabricio Camoes,1005.9317072349481
Dominique Steele,1005.6883259755253
Junior Tafa,1005.6663009422958
Chris Barnett,1005.65659085789
Cortney Casey,1005.6391436451889
Scott Smith,1005.630082603365
Carlos Vera,1005.602872581978
Luigi Vendramini,1005.5516904105015
Amaury Bitetti,1005.5098599599014
Dongi Yang,1005.405274551201
Justin Edwards,1005.3096108087836
Gustavo Lopez,1005.2016660517229
Jason DeLucia,1005.1647690576178
Reuben Duran,1005.0522017172157
Garreth McLellan,1005.0522017172157
Tae Hyun Bang,1005.0522017172157
Aoriqileng,1005.0393661334739
Klidson Abreu,1004.9881554102194
Guido Cannetti,1004.9869407862146
Bruna Brasil,1004.9738651903333
Thomas Petersen,1004.9377293691747
Cody Gibson,1004.8602934892214
Anthony Hamilton,1004.8350525355672
Daniel Sarafian,1004.7780733597277
Jose Johnson,1004.6905062271762
Andrey Pulyaev,1004.6537786849491
Christian Morecraft,1004.6320065097885
TJ Brown,1004.598495794062
Irwin Rivera,1004.5902349428088
Uran Satybaldiev,1004.5703067762
Curt Warburton,1004.4873702999058
Valmir Lazaro,1004.3977644371795
Felipe Colares,1004.3213317515357
Dan Argueta,1004.3207847509736
Rafael Cavalcante,1004.3175741072923
Felipe dos Santos,1004.2625686720472
Frank Camacho,1004.2424470521985
Chris Tuchscherer,1004.2117287561467
Johnny Munoz,1004.1168124493989
Michael Kuiper,1003.9949334857605
Scott Askham,1003.9696817956602
Mickael Lebout,1003.9079945536655
Tra Telligman,1003.8643619395704
Yaotzin Meza,1003.8554673107873
Bruno Santos,1003.8154798309403
Jamie Pickett,1003.7981925276779
Nick Sanzo,1003.7416809756332
Xiao Long,1003.7253497621954
Geza Kalman,1003.6783279194206
Rameau Thierry Sokoudjou,1003.5839170076549
Wu Yanan,1003.5421506632217
Albert Morales,1003.525683732143
Dale Hartt,1003.5069928820269
Travis Fulton,1003.4087055844253
Gina Mazany,1003.3012626650714
Mads Burnell,1003.3001508486252
Gil Castillo,1003.2212608199916
Luke Zachrich,1002.9115787749215
Billy Elekana,1002.9112108887354
Edgar Chairez,1002.9043922433035
Khalid Taha,1002.8737493939796
Yosdenis Cedeno,1002.8737493939796
Junior Assuncao,1002.8644104531757
Joachim Christensen,1002.8086721321177
Lara Procopio,1002.795031323608
Clay Collard,1002.7311985991175
Anthony Birchak,1002.6221838062153
George Roop,1002.5938877739958
Ozzy Diaz,1002.5931371722347
Jeremy Kimball,1002.5733437856305
Elise Reed,1002.5455638718795
Mike Rodriguez,1002.535997678513
Chris Fishgold,1002.525888857858
Allen Crowder,1002.513095943856
Adam Fugitt,1002.4833549525036
Oluwale Bamgbose,1002.4660510707688
Jake Collier,1002.443209794749
Joe Moreira,1002.3938895175179
Louis Gaudinot,1002.3663166807789
Katsuhisa Fujii,1002.3663166807789
Julius Walker,1002.223959992607
Karlos Vemola,1002.1989615815351
Eric McConico,1002.185038091839
Patrick Williams,1002.1071409835728
Steve Bruno,1002.0865500839319
Pete Rodriguez,1002.0528729030666
Alex Nicholson,1002.031833374052
Harold Howard,1001.969190891809
Rob MacDonald,1001.969190891809
Ian Entwistle,1001.969190891809
Tai Bowden,1001.969190891809
Steven Graham,1001.969190891809
Felipe Bunes,1001.94212591759
Gilbert Urbina,1001.8848985859555
Djorden Santos,1001.8783695731158
Alex Chambers,1001.7990000111
Ernesta Kareckaite,1001.7845232323615
Rafaello Oliveira,1001.7845232323615
Viktor Pesta,1001.7845232323615
Luan Chagas,1001.779783974098
Rongzhu,1001.7785363658339
Eddie Yagin,1001.7609115023437
Kevin Casey,1001.7138109908519
Per Eklund,1001.6445599962689
Yao Zhikui,1001.5655577658677
Matt Sayles,1001.5252065387607
Mike Guymon,1001.5208130770352
Brendan O'Reilly,1001.5088614830634
Teemu Packalen,1001.4510740773519
Michael Aswell Jr.,1001.4489241166049
Jerrod Sanders,1001.4481926921972
Henry Martinez,1001.4384166307872
Denis Kang,1001.4221454232359
Akbarh Arreola,1001.3330278290081
Dan Bobish,1001.3288301741275
Jonathan Meunier,1001.2285407128505
Roger Narvaez,1001.1963908816823
Cristiano Marcello,1001.1942580832404
Jarjis Danho,1001.0787432952127
Kleydson Rodrigues,1001.0767590396517
Joe Doerksen,1001.0439308526549
Willie Gates,1001.0106546683087
Chris Dempsey,1001.0041014720122
Vik Grujic,1001.0
Nate Mohr,1000.9565234109874
Riki Fukuda,1000.9452635847282
John Salter,1000.9413051050029
Marcus Bossett,1000.9091663415394
Richie Vaculik,1000.875419896961
Mike Jackson,1000.875419896961
Frankie Perez,1000.8202912537084
Kimo Leopoldo,1000.6713207540001
Cyril Asker,1000.6500074615662
Brandon Davis,1000.6392319064955
Maki Pitolo,1000.6107037604552
Keita Nakamura,1000.564302923229
Gasan Umalatov,1000.5541478106627
Jinh Yu Frey,1000.5058296948821
Denis Tiuliulin,1000.4438495013418
Todd Medina,1000.4165158966314
Brad Kohler,1000.369025800581
Orlando Wiet,1000.3513267210512
Lucas Alexander,1000.2817099877933
Dustin Pague,1000.2735368689064
Joby Sanchez,1000.253860557571
Renee Forte,1000.2151661450843
Jack Nilson,1000.1884065382897
Jeka Saragih,1000.1875545157902
Sai Wang,1000.1768652812143
Matt Dwyer,1000.1637742140684
John Gunderson,1000.1623133163006
Josh Fremd,1000.0900148756245
Chase Sherman,1000.0679192790275
Cal Worsham,1000.0224158426835
Mike Ricci,1000.0
Ron Stallings,999.9859006991392
Seo Hee Ham,999.9779087340476
Colby Thicknesse,999.7740620451231
Anton Kuivanen,999.7380875129535
Callan Potter,999.7003203771266
Gauge Young,999.6805301008658
Robert Sanchez,999.6722684479391
Claudio Ribeiro,999.3456749118142
Amanda Cooper,999.3344239811357
Andreas Michailidis,999.2825680039596
Jason Gonzalez,999.268318688708
Raphael Pessoa,999.2457975801517
Tereza Bleda,999.2071998809857
Vaughan Lee,999.2066842321149
Nathan Coy,999.1939430657756
Klaudia Sygula,999.130509484692
Lucas Rocha,999.080696971999
Matt Grice,998.9976226981056
Marcus LeVesseur,998.9698959397972
Aaron Rosa,998.8643432855032
Phil Harris,998.8238585567967
Jesse Taylor,998.5544339529374
Charles McCarthy,998.4080300133978
Benardo Sopaj,998.3234663361023
Daniel Spitz,998.3152723447706
David Michaud,998.2006454966488
Maria Oliveira,998.1299171873867
Jared Vanderaa,997.9148588105387
Melissa Martinez,997.8910931846476
Matt Hobar,997.8085683915052
Keith Rockel,997.7855342424982
Jai Herbert,997.7375931333569
Alex Da Silva,997.7087790972555
Steven Nguyen,997.5006567074338
Ivana Petrovic,997.4852581159839
Joseph Holmes,997.4564684486633
Gabriel Miranda,997.4543449467577
Daniel Barez,997.2849372012056
Andy Ogle,996.4993480065723
Yohan Lainesse,996.2067542477536
Josh Parisian,996.1742754317971
Cody Pfister,995.7783570914819
Mallory Martin,995.6612233514973
William Macario,995.6032579267321
Orion Cosce,995.3959802636449
Pawel Pawlak,995.1714875787906
Andre Soukhamthath,995.0492515584766
Zac Pauga,994.7704079403537
Liana Jojua,994.4718336186667
Marcin Prachnio,994.3969615989179
Aaron Riley,994.2499857294988
Mike Brown,994.2492839464056
Vinny Magalhaes,993.428043229786
Jordan Griffin,992.6496020897946
Quang Le,991.8109101789476
David Zawada,991.1027336615414
Rizvan Kuniev,990.8681870657281
Eric Shelton,990.8662546984883
Aaron Pico,990.5692427442679
Kai Asakura,990.1240185506159
Patchy Mix,990.1070176919935
AJ Fletcher,989.7951556469978
Nam Phan,989.3904552632081
Craig White,989.1896476441939
Roman Bogatov,988.673500905237
Dennis Buzukja,988.6142026175504
Vernon White,988.4950391775573
Derrick Krantz,988.3973797792943
Jesse Butler,988.2817535214122
Ron van Clief,988.2559789581236
Kamal Shalorus,988.2475180537527
James Toney,988.1959042337875
David Mitchell,987.984604644357
Ashley Yoder,987.792849496146
Kaan Ofli,987.7439472642692
Papy Abedi,987.5789881283523
Renzo Gracie,987.5141347742149
Jon Delos Reyes,987.5121954340864
Anthony Macias,987.4490951999214
Tuco Tokkos,986.987153101915
Mizuto Hirota,986.8558839013807
Westin Wilson,986.7006228421517
Journey Newson,986.6064285739627
Alexander Munoz,986.5055628388275
Zachary Scroggin,986.4775792823299
Don Shainis,986.3456102174912
Chris Haseman,986.0815930539472
Cole Williams,986.0370192032613
Kevin Borjas,986.0336237952077
Amar Suloev,985.995342966953
Roger Hollett,985.993459796929
Timmy Cuamba,985.8416316137339
Marcus Buchecha,985.5984804049143
Charlie Ontiveros,985.5905825263452
Jeff Joslin,985.5049182421133
John Alessio,985.1954246445026
Brock Jardine,985.1370806894721
Jamey Simmons,985.1226675872166
Dustin Stoltzfus,985.0018922291771
Jared Gooden,984.9993657869786
Jorge Patino,984.8643118143285
Marcin Held,984.8240738103274
Robert Ruchala,984.8147711270561
Koji Oishi,984.7281706561295
Jason Dent,984.7244950796243
Liudvik Sholinian,984.6658772693631
Justin Levens,984.6228539598428
Chad Griggs,984.6167180038145
Sean Salmon,984.5958211925092
Erick Gonzalez,984.5642692616508
Antonio Mendes,984.4577182277811
Julian Sanchez,984.4298987618159
Gilbert Yvel,984.4220510788783
John Lober,984.3487848528193
Rolando Bedoya,984.2883844665511
Wagner Prado,984.258769839958
Stefan Sekulic,984.2534920028802
Saparbeg Safarov,984.1909665125846
Michael McBride,984.1452662729057
Kevin Croom,984.1431736541866
Niklas Stolze,984.1141869950302
Mehdi Baghdad,984.0865140490866
Quinn Mulhern,984.0512902651119
Roberto Romero,984.0158349842015
Andy Enz,983.9730907251756
Minoki Ichihara,983.964579188936
Marvin Eastman,983.9533369151728
Anderson Dos Santos,983.8899141829144
Andre Pederneiras,983.8854098505267
Kris Moutinho,983.87193276546
Alberto Crane,983.8113322961538
Assuerio Silva,983.7659688111663
Landon Quinones,983.7115311792303
Salim Touahri,983.594659603125
Alex Reyes,983.5443843288994
Mateus Mendonca,983.4993055876635
Edgar Garcia,983.4950094023682
Jason Reinhardt,983.4905012056738
Kazuhiro Nakamura,983.4899850622223
Luan Lacerda,983.486595001374
Danny Downes,983.4417393795765
Kurt Holobaugh,983.4177569734745
Darrius Flowers,983.3762914142484
Kazula Vargas,983.363384286618
Jocelyn Jones-Lybarger,983.3549174294623
Nohelin Hernandez,983.3510086072249
Azunna Anyanwu,983.2907787815432
Wes Sims,983.2827347397779
Josh Hendricks,983.2348828741593
Chad Reiner,983.2060819459057
Oliver Enkamp,983.1759368015631
Peter Barrett,983.1682744335025
Matt Bessette,983.0828749602092
Reese Andy,983.072665557407
Elizabeth Phillips,983.0726037549036
Moti Horenstein,983.0641312684952
Jason Tan,983.0461500837863
Kaynan Kruschewsky,983.0183005943483
Bobby Hoffman,983.0162177908732
Mats Nilsson,982.9971290055589
AJ Dobson,982.940360565241
Sabah Homasi,982.9211633126434
Mark Choinski,982.9108948555572
Toshiomi Kazama,982.9019024824516
Devin Powell,982.8852535531915
Joey Gambino,982.8778144920892
Anton Turkalj,982.8692938960878
Bojan Mihajlovic,982.8350368164351
Rudyard Moncayo,982.8255362083584
AJ Cunningham,982.7995412031565
Alexandre Ferreira,982.7825409013233
Mike Breeden,982.7796014746848
Louie Sutherland,982.7229192944242
Terrence Mitchell,982.7005794845053
Shanna Young,982.6864666963586
Thomas Ramirez,982.682390023543
Mostapha Al-Turk,982.651609923504
Roman Salazar,982.6425567832313
Tom Gallicchio,982.6317519125666
Mitch Raposo,982.6271672819441
Adam Yandiev,982.6202578215892
Brandon Wolff,982.60878791041
Rainy Martinez,982.592924534745
Leonardo Mafra,982.5690873074004
Gabriel Silva,982.5635721667119
Alex Soto,982.5082312325957
Rex Holman,982.4554812281564
Jarno Errens,982.4192794797051
Jessica Aguilar,982.4118769361415
Greg Stott,982.4092144755263
Carl Deaton,982.3912348613497
Darrell Montague,982.3911665051293
Juancamilo Ronderos,982.3871055207578
Steve Vigneault,982.3797716139441
Austen Lane,982.3672317426202
Dan Lauzon,982.3487599163873
Damian Grabowski,982.3415275711008
Cindy Dandois,982.3350485041689
Kyle Prepolec,982.3163053792106
Jackson McVey,982.2955361553104
Doug Evans,982.2905454041954
Dan Moret,982.2861335609191
Yizha,982.2562731717392
KB Bhullar,982.2168218612435
Jason Miller,982.2090340149115
Danyelle Wolf,982.1205935518432
Alvin Hines,982.1054214169246
Ramona Pascual,982.1035153899312
Tre'ston Vines,982.1019181883994
Ryan Couture,982.0689564011851
Ray Rodriguez,982.0370930486008
JC Cottrell,982.0308790553738
Danny Mitchell,982.0158334996104
Tim Gorman,982.002532263724
Nikolay Veretennikov,981.9963374209879
Joao Zeferino,981.9881353746549
Jared Papazian,981.9664448318172
Josh Shockman,981.9664448318172
Tateki Matsuda,981.9664448318172
Mike Whitehead,981.9664448318172
Bruno Souza,981.9664448318172
Joao Roque,981.9664448318172
Ricardo Funch,981.9638767176024
Matt Horwich,981.9475844556691
Jodie Esquibel,981.9437789235517
Alexandre Barros,981.9432755280745
Gaetano Pirrello,981.933098750133
Yuki Sasaki,981.9287434626747
Caio Machado,981.8608625379159
Danny Martinez,981.8597335821867
Dominic Waters,981.8398224019243
Rolando Dy,981.8359317897115
Austin Springer,981.8283791327202
Justin Jones,981.7993545033512
Jeff Hughes,981.7993545033512
John Marsh,981.7993545033512
Victor Valimaki,981.7993545033512
Seth Petruzelli,981.7993545033512
Ravena Oliveira,981.7903018168138
Jin Soo Son,981.7843777432809
Lukasz Brzeski,981.7311534564908
Yusuke Kasuya,981.729797387419
Blood Diamond,981.7272861496232
Paul Redmond,981.71552187902
Josh Copeland,981.71552187902
Bobby Moffett,981.71552187902
Jason Young,981.71552187902
Allan Goes,981.71552187902
Adrian Serrano,981.71552187902
Thomas Gifford,981.7031239566571
Tofiq Musayev,981.6965198733893
Alen Amedovski,981.6617590191485
Edwin DeWees,981.6591643523417
Harry Moskowitz,981.624890009923
Martin Day,981.5893554018439
Austin Arnett,981.551957184189
Caros Fodor,981.5479572464943
Zviad Lazishvili,981.5454109870548
Hugo Duarte,981.5343041755481
Sarah Frota,981.5334653184997
Diana Belbita,981.5227030936165
John Allan,981.5082574035725
Elvis Mutapcic,981.5014491611541
Steve Lopez,981.4471039771012
Dokonjonosuke Mishima,981.4306367956034
Zhalgas Zhumagulov,981.4221557818063
Ronys Torres,981.3835284770342
Kyle Bradley,981.3822369848855
Mark Striegl,981.2682841492781
Azamat Gashimov,981.265056091325
Joe Brammer,981.2530967416171
Igor Zinoviev,981.223926672038
Jesse Bongfeldt,981.2101650029515
Jonavin Webb,981.2100595121949
Jesse Strader,981.2019655161508
Denis Stojnic,981.1867631545146
Brian Houston,981.1864076162807
Joseph Gigliotti,981.1639941535141
Ruan Potts,981.1534487766021
Julio Paulino,981.1266465985307
Chris Heatherly,981.1237635014872
Antonio McKee,981.1142916140689
Shane del Rosario,981.1104364253284
Kevin Jordan,981.0762176722202
Neil Wain,981.068148268824
Carlos Huachin,981.0648701842626
Koji Kitao,981.0627807000546
Dan Evensen,981.0267296065717
Tonya Evinger,981.0192074799742
Ryan Jensen,981.0044963190127
Jay Hieron,980.9811932503322
Paul Creighton,980.9731579939614
Talita Bernardo,980.9442878669956
Liliya Shakirova,980.9348520825484
Alan Baudot,980.9091153555944
Todd Butler,980.8893222285187
Melton Bowen,980.8893222285187
Valeri Ignatov,980.8893222285187
Tony Halme,980.8893222285187
Guto Inocente,980.8893222285187
Christophe Leninger,980.8893222285187
CM Punk,980.8893222285187
Frank Caracci,980.8893222285187
John Dowdy,980.8893222285187
Askar Mozharov,980.8637093595112
Yanis Ghemmouri,980.8507121178096
Homer Moore,980.8479237477812
Harry Hardwick,980.8300155748336
Anna Elmose,980.8106498353131
Vanessa Melo,980.8029443147053
Bill Mahood,980.801297972971
Chris Price,980.801297972971
Paul Rodriguez,980.801297972971
John Halverson,980.801297972971
Yoji Anjo,980.7978868416795
Stewart Nicoll,980.7951485566052
Eddie Ruiz,980.7763592101994
Rhys McKee,980.7608191547037
Hayato Sakurai,980.7459875826555
Shayna Baszler,980.7139513206868
Mitch Ramirez,980.7074785180906
Yasuhiro Urushitani,980.700311596496
Victor Martinez,980.6912461124203
Hannah Goldy,980.6788838275172
Ednaldo Oliveira,980.6711818360966
Harry Hunsucker,980.6617030522187
Ashkan Mokhtarian,980.6584899944572
Marcelo Aguiar,980.6564340532968
Martin Sano,980.6441340793842
Rafael Cerqueira,980.6215187658955
Tim Williams,980.6099841390444
Joe Merritt,980.6062622469783
Larissa Pacheco,980.581285742822
Val Woodburn,980.5631016131484
Darian Weeks,980.4717506380368
Hernani Perpetuo,980.463465777473
Takenori Sato,980.4074447937512
Bevon Lewis,980.3588275609445
Cristina Stanciu,980.3537356549782
Jay Silva,980.3003384436608
Zarrukh Adashev,980.2994783237674
Phil Johns,980.2548119453983
Rodney Wallace,980.253082004624
Pat Audinwood,980.197024278977
Jay Perrin,980.1874315420828
Willamy Freire,980.1763577521805
Fabio Gurgel,980.172095427732
Ericka Almeida,980.1559852370453
Michihiro Omigawa,980.1437668218214
Melinda Fabian,980.1381411865242
Eric Wisely,980.1356583359571
Amilcar Alves,980.106697485408
Brandon Melendez,980.0964661818575
Michal Figlak,980.0964375488614
Juan Manuel Puig,980.0766675762749
Saimon Oliveira,980.0601227599531
Iliarde Santos,980.0553087610427
Jason Godsey,980.0321555445813
Todd Brown,980.0306333671944
Lukasz Sajewski,980.0163232817146
Mike Wessel,980.0030898360327
John Teixeira,980.0
Romie Aram,980.0
Cole Escovedo,980.0
Curtis Stout,980.0
James Mulheron,980.0
Josh Grispi,980.0
Ryan McGillivray,980.0
Daniel Teymur,980.0
Richard Crunkilton,980.0
Bobby Southworth,980.0
Keith Wisniewski,980.0
Bernardo Magalhaes,980.0
Alex Stiebling,980.0
Chuck O'Neil,980.0
Antonio Banuelos,980.0
James Zikic,980.0
Donny Walker,980.0
Carlos Candelario,980.0
Alex Ricci,980.0
Chris Tickle,980.0
Keith Berish,980.0
Carls John De Tomas,980.0
Norifumi Yamamoto,980.0
Gadzhi Omargadzhiev,980.0
Brad Gumm,980.0
Terrion Ware,980.0
Steve Berger,980.0
Cory Hendricks,980.0
Josh Clopton,980.0
Stephen Bass,980.0
Nick Fiore,980.0
Nick Serra,980.0
Brad Imes,980.0
Jim Wallhead,980.0
Kwan Ho Kwak,980.0
Alexis Dufresne,980.0
Andreas Stahl,980.0
Igor Severino,980.0
Colin Fletcher,980.0
Julie Kedzie,980.0
Rocky Lee,980.0
Naoyuki Kotani,980.0
Roger Gracie,980.0
Jumabieke Tuerxun,980.0
Rayanne dos Santos,980.0
Justin Wren,980.0
Steve Byrnes,980.0
Rosi Sexton,980.0
Tina Lahdemaki,980.0
Dan Barrera,980.0
Dante Rivera,980.0
Pedro Falcao,980.0
Alex Torres,980.0
Antonio Arroyo,980.0
Rostem Akman,980.0
Peggy Morgan,980.0
Jianping Yang,980.0
Phillipe Nover,980.0
Chris Indich,980.0
Nolan Ticman,980.0
Emily Kagan,980.0
Angela Magana,980.0
Luiz Dutra,980.0
Dave Galera,980.0
Alan Omer,980.0
Mike Rhodes,980.0
Alex Gorgees,980.0
Baergeng Jieleyisi,980.0
Leonardo Morales,980.0
Tyler Diamond,980.0
Allan Zuniga,980.0
Yuri Villefort,980.0
Brendan Loughnane,980.0
Sako Chivitchian,980.0
Marcin Wrzosek,980.0
Abner Lloveras,980.0
Tyler Toner,980.0
Noe Hernandez,980.0
Jon Manley,980.0
Hailey Cowan,980.0
Jordan Williams,980.0
Townsend Saunders,980.0
Enrique Marin,980.0
Horacio Gutierrez,980.0
Mark Scanlon,980.0
Wallid Ismail,980.0
Julija Stoliarenko,980.0
Nazareno Malegarie,980.0
Jay Cucciniello,980.0
Daniel Spohn,980.0
Rodolfo Rubio Perez,980.0
Collin Hart,980.0
Carlton Minus,980.0
Marnic Mann,980.0
Andre Gusmao,980.0
Chris Spang,980.0
Dileno Lopes,980.0
James Hammortree,980.0
Joe Giannetti,980.0
Jose Daniel Medina,979.9743829271213
Alice Pereira,979.9687969737524
Vinicius Salvador,979.9236602769814
Cameron VanCamp,979.8953714033177
Kailin Curran,979.8617807273531
Brendon Marotte,979.8406214197986
Satoshi Honma,979.7822564515518
Carlos Mota,979.7731861218443
Nick Agallar,979.7539954170289
Mohammad Yahya,979.6884337611128
Travis Wiuff,979.6774394296941
Ben Sosoli,979.6210950885664
Ramiro Hernandez,979.5779150184525
Estevan Payan,979.5421906134673
Joe Son,979.5246848724819
Reza Nasri,979.5181486549355
Cortavious Romious,979.4749897062441
Gilbert Aldana,979.4687628511028
Antonio Trocoli,979.4299659147574
Asbel Cancio,979.3994872019837
Chase Gormley,979.387968115271
Alberta Cerra Leon,979.3369610271097
Jason Novelli,979.2614115565897
John Matua,979.2243157814601
Kelly Dullanty,979.2220633310379
Mike Stumpf,979.2156170525027
Trent Jenkins,979.1997314905002
Ray Wizard,979.1807001991186
Chris de la Rocha,979.1791720023293
Gerry Harris,979.176851905422
Stevie Lynch,979.1721035583539
Jesse Sanders,979.1637844988976
Dakota Bush,979.1541186612386
Jim Mullen,979.1445456037184
Floyd Sword,979.1326238884657
Rodrigo de Lima,979.1254980513924
Jordan Radev,979.1051229053577
Ryan Parker,979.0966346807324
Joey Gomez,979.0922758189752
Brian Camozzi,979.0823380087949
Carlos Barreto,979.0807623947684
Scott Junk,979.0735021399823
Brian Gassaway,979.0692576788539
Keiichiro Yamamiya,979.0625878001559
Pearl Gonzalez,979.0618155995707
Lucio Linhares,979.0454596760244
David Levicki,979.0173194162982
Derrick Noble,979.0147590894665
Pat Healy,979.0
Adam Cella,979.0
Daniel Jolly,979.0
Houston Dorr,979.0
John Phillips,979.0
Royce Alger,979.0
Manolo Zecchini,979.0
Crafton Wallace,979.0
Jimmy Quinlan,979.0
Joseph Sandoval,979.0
Cory Walmsley,979.0
David Lee,979.0
Eric Martin,979.0
Richie Smullen,979.0
Steve Montgomery,979.0
Anthony Ivy,979.0
Marcus Silveira,979.0
Courtney Turner,979.0
Maia Stevenson,979.0
Josh Stuart,979.0
Aaron Wilkinson,979.0
Bharat Kandare,979.0
David Roberts,979.0
Chris Condo,979.0
Fredson Paixao,979.0
Joey Roberts,979.0
Darrel Gholar,979.0
Victor Rodriguez,979.0
Manuel Rodriguez,979.0
Adriano Santos,979.0
Christina Marks,979.0
Paulo Santos,979.0
Karine Gevorgyan,979.0
Cesar Arzamendia,979.0
Joe Pardo,979.0
Danny Abbadi,979.0
Jesse Forbes,979.0
Vernon Ramos Ho,979.0
Wes Combs,979.0
Eugenio Tadeu,979.0
Ross Pointon,979.0
Sheila Gaff,979.0
Dave Berry,979.0
Sherman Pendergarst,979.0
Aalon Cruz,979.0
Albert Cheng,979.0
Andy Anderson,979.0
Kevin Rosier,979.0
Jason Fairn,979.0
Jules Bruchez,979.0
Vinicius Moreira,979.0
Cain Carrizosa,979.0
Emmanuel Yarborough,979.0
Jack May,979.0
Felix Lee Mitchell,979.0
Sean Daugherty,979.0
Razak Al-Hassan,979.0
Brad Morris,979.0
Thaddeus Luster,979.0
Cale Yarbrough,979.0
Matt Van Buren,979.0
Brodie Farber,979.0
Rodrigo Sezinando,979.0
Richardson Moreira,979.0
Elisha Ellison,979.0
Josh Shockley,979.0
Dorian Price,979.0
Kiru Sahota,979.0
Richie Hightower,979.0
Francesco Maturi,979.0
Ulysses Gomez,979.0
Matt Andersen,979.0
Garett Whiteley,979.0
James Llontop,979.0
Frank Lester,979.0
Jessica Rakoczy,979.0
Tim McKenzie,979.0
Andy Wang,979.0
Ben Wall,979.0
David Hood,979.0
Suman Mokhtarian,979.0
Neil Grove,979.0
Joe Veres,979.0
Jack McGlaughlin,979.0
Justin Frazier,979.0
Michel Batista,979.0
Tommy Speer,979.0
Billy Miles,979.0
Tom Egan,979.0
John Kolosci,979.0
Flavio Luiz Moura,979.0
Kiefer Crosbie,979.0
Johnny Rees,979.0
Josh Rafferty,979.0
Chris Saunders,979.0
Charlie Ward,979.0
Dan Stittgen,979.0
Jason Thacker,979.0
Anistavio Medeiros,979.0
Joey Gilbert,979.0
Wade Shipp,979.0
Delson Heleno,979.0
Sean Gannon,979.0
Pat Schilling,979.0
Alex Schoenauer,979.0
Aaron Brink,979.0
Lodune Sincaid,979.0
Sammy Morgan,979.0
Kalindra Faria,979.0
Luis Ramos,979.0
Gerald Strebendt,979.0
Zach Light,979.0
Jeremy Larsen,979.0
Chris Sanford,979.0
Damacio Page,979.0
Jason Black,978.972850160873
Daniel Lacerda,978.972850160873
Ryan Thomas,978.972850160873
Silvana Gomez Juarez,978.9724081481593
Ryan Madigan,978.9594883251824
Ryan Roberts,978.9490647034567
CJ Keith,978.9439390386806
Tom DeBlass,978.94352064057
Yoshinori Horie,978.9318803842593
Anthony Christodoulou,978.9311222208993
Michael Patt,978.9284819551453
Luis Pajuelo,978.9257080397064
Anthony Lapsley,978.9136669106082
Jeff Cox,978.9075561439299
Nissen Osterneck,978.9075227800154
Gideon Ray,978.9033935654937
Nick Klein,978.8786597027358
Gabe Ruediger,978.8605933191112
Marcin Bandel,978.854746391459
Cameron Else,978.8278532576919
Paul Herrera,978.8185966682757
Fabio Cherant,978.7999031823531
Rick Davis,978.7805749434141
Hector Aldana,978.715897449949
Lewis Gonzalez,978.7056205132583
Jose Maria,978.6616825777301
Nick Penner,978.6221361392907
Jeff Curran,978.6066328270298
Rob Wilkinson,978.5984748457261
Alex Andrade,978.5861905186256
Khusein Askhabov,978.568508702671
Jordan Vucenic,978.5098146347254
Angel Pacheco,978.5086606760154
Ali AlQaisi,978.4949431548794
Maciej Jewtuszko,978.4847257774969
Nick Aguirre,978.4681744649877
TJ O'Brien,978.4645303948844
Motonobu Tezuka,978.4638197764605
Bobby Voelker,978.4239533895588
Paul Bradley,978.393774081865
David Dodd,978.3774522583835
Vince Cachero,978.3573893506344
Tim Lajcik,978.3529330210993
Guilherme Vasconcelos,978.3279323279212
Alice Ardelean,978.3268392052464
Rin Nakai,978.2767795586626
Yuri Vaulin,978.2763103816003
Jesse Ronson,978.2654676713482
Diego Saraiva,978.2245472173045
Nicolle Caliari,978.2154767676385
Domingo Pilarte,978.2154767676385
Milton Vieira,978.2154767676385
Konstantin Erokhin,978.2154767676385
Jorge Lopez,978.2154767676385
Chan-Mi Jeon,978.2142749171644
Nick Roehrick,978.205359580693
Xavier Foupa-Pokam,978.1792644844863
Zelim Imadaev,978.1413883844996
Ryan MacDonald,978.1340173828899
Luke Caudillo,978.1326960232353
Leonardo Guimaraes,978.124580103039
Roldan Sangcha'an,978.124580103039
Jorge de Oliveira,978.124580103039
Dean Barry,978.124580103039
Victoria Leonardo,978.1231684243191
Aaron Phillips,978.1195228578708
Nyamjargal Tumendemberel,978.0655404931675
Mark Holst,978.0531634513379
Samy Schiavo,977.9964378298373
Charalampos Grigoriou,977.9501615325457
Gloria de Paula,977.9377362877776
Braxton Smith,977.9308576588139
Daiju Takase,977.930771318866
Matt Lucas,977.9229119911699
Genaro Valdez,977.849193292716
Bobby Nash,977.8348931690258
Anton Zafir,977.8222153464475
Grigory Popov,977.7787500687037
Solomon Hutcherson,977.6566699813125
Kit Cope,977.6393888939003
Denys Bondar,977.5938360048128
Kyle Stewart,977.5830694388044
Ivan Erslan,977.5652741799927
Zarah Fairn,977.5554091701554
Tony Petarra,977.5257352036516
John Yannis,977.4633333556056
Tommy Hayden,977.447583369752
Allen Berube,977.439190571022
Ernie Verdicia,977.4298335331832
Joe Jordan,977.4253831651536
Scott Fiedler,977.419906750253
Josias Musasa,977.4131275527865
Joe Vedepo,977.4107402798435
Brian Cobb,977.409632648142
Paul Georgieff,977.4083348128396
Joshua Weems,977.3954535786165
Wes Albritton,977.3671853348095
Scott Baker,977.3671853348095
Eddie Mendez,977.3265989925893
Wendell Oliveira Marques,977.3045413279813
Christian Colombo,977.2377280503673
TJ Laramie,977.2351254034849
Keith Mielke,977.2274407723759
Jackie Lee,977.2176611132714
Dieusel Berto,977.2109943090982
Rodrigo Ruas,977.1979097418917
Will Chope,977.1789999582193
Rob Yundt,977.1781817407659
Charlie Valencia,977.1736902923234
Marcos Mariano,977.1442933959543
Shane Howell,977.138471857372
Boston Salmon,977.1262506060204
Bob Gilstrap,977.1262506060204
Edward Faaloloto,977.1262506060204
Mandy Bohm,977.1112043518579
Jason Gilliam,977.0905405145983
Yusaku Kinoshita,977.071931208548
Ivan Serati,977.0438295671664
Barb Honchak,977.0374575464074
Kristian Rothaermel,977.030809108191
Dmitri Stepanov,977.030809108191
Roland Payne,977.030809108191
Donnie Chappell,977.030809108191
Sean Soriano,977.0
Steven Koslow,977.0
Dequan Townsend,977.0
Jon Olav Einemo,977.0
Will Campuzano,977.0
Icho Larenas,977.0
Wagner Campos,977.0
Louis Cosce,977.0
Jared Rollins,977.0
Jeremy Jackson,977.0
Dustin Neace,977.0
Khadis Ibragimov,977.0
Feng Xiaocan,977.0
Sheldon Westcott,977.0
Humberto Brown Morrison,977.0
Michel Quinones,977.0
Micheal Gillmore,977.0
Shane Primm,977.0
Martin Svensson,977.0
Derek Downey,977.0
James Bochnovic,977.0
SeungGuk Choi,977.0
Collin Anglin,977.0
Lisa Ellis,977.0
Robert Valentin,977.0
Zygimantas Ramaska,977.0
Mike King,977.0
David Kaplan,977.0
Brogan Walker,977.0
Rolles Gracie,977.0
Lowell Anderson,977.0
Hayder Hassan,977.0
Mike Lullo,977.0
Bristol Marunde,977.0
Besam Yousef,977.0
Mario Neto,977.0
Kris McCray,977.0
Fabiano Scherner,977.0
Jamie Yager,977.0
Yoislandy Izquierdo,977.0
Gilbert Smith,977.0
Jermaine Andre,977.0
Leigh Remedios,977.0
Josh Bryant,977.0
Kristof Midoux,977.0
Bruno Korea,977.0
Fernando Bruno,977.0
Mike Santiago,977.0
Vinicius Queiroz,977.0
Dashon Johnson,977.0
Byron Bloodworth,977.0
John Cofer,977.0
Roque Martinez,977.0
Justin James,977.0
James Giboo,977.0
Tiki Ghosn,977.0
Alexandre Dantas,977.0
Josh Ferguson,977.0
Te Edwards,977.0
Dylan Budka,977.0
Jacob Kilburn,977.0
Bentley Syler,977.0
Kerry Schall,977.0
Duda Santana,977.0
Keigo Kunihara,977.0
Ariel Beck,977.0
Nandor Guelmino,977.0
Danillo Villefort,977.0
Izabela Badurek,977.0
David Velasquez,977.0
Edilberto de Oliveira,977.0
David Baron,977.0
Darrill Schoonover,977.0
Leo Kuntz,977.0
Josh Haynes,977.0
Marcus Jones,977.0
Eric Nolan,977.0
Marcio Alexandre Junior,977.0
Wagner Silva,977.0
Oli Thompson,977.0
John Polakowski,977.0
Brian Geraghty,976.99650868516
Jake Lindsey,976.9856393753693
Colin Robinson,976.9838301638435
Thibault Gouti,976.9760624174427
Filip Pejic,976.9755628827273
John Campetella,976.9592717068675
Shannon Ross,976.9364747193005
Eldo Xavier Dias,976.9187403478535
Larry Cureton,976.8665742520511
Steve Judson,976.86154285978
Robert Lucarelli,976.8596675880469
James Lee,976.8528898261426
Sam Fulton,976.8424025699013
Saeed Hosseini,976.8424025699013
Fred Ettish,976.8424025699013
Ansar Chalangov,976.8394499871149
Zane Frazier,976.8248063689326
Istela Nunes,976.821910037236
Yuneisy Duben,976.7771380027842
Drako Rodriguez,976.721732686186
Abdul-Kareem Al-Selwady,976.697013302638
Kevin Natividad,976.6948035475327
Fernie Garcia,976.6767648662825
Isabela de Padua,976.6642641756287
Jeff Newton,976.6331604556644
Chris Liguori,976.5871141265437
Kody Steele,976.4526167777949
Chris Avila,976.3218200929572
Marcelo Rojo,976.2643890944772
Steve Kennedy,976.2104328160896
Jerome Rivera,976.1873286845712
Wulijiburen,976.1843175034601
Roger Bowling,976.0099716212225
Matheus Camilo,975.8449326234313
Sarah Alpar,975.7251264273192
Max Rohskopf,975.5342038160649
He-Man Gipson,975.4754932981746
Ronald Jhun,975.4243459539737
Hector Ramirez,975.2355388294095
Cameron Dollar,975.1789947845285
Eiji Mitsuoka,975.1730002870833
Joao Pierini,975.1377404683308
Danilo Belluardo,975.1267144486105
Diyar Nurgozhay,975.0523812451806
Bubba Bush,974.9477982827843
Ricky Rainey,974.8972318825747
Erik Silva,974.8948600276415
Shunichi Shimizu,974.8873032859527
Nate Schroeder,974.8432671184949
Roger Zapata,974.8432671184949
Alibi Idiris,974.6859602297396
Dmitrii Smoliakov,974.6336833192211
Sean Alvarez,974.6336833192211
Masutatsu Yano,974.6336833192211
Brandon Jenkins,974.5646246103685
Ike Villanueva,974.5304648022703
Sung Bin Jo,974.4625931138537
Alberto Uda,974.4381562432937
Hu Yaozong,974.4320532718912
Elias Garcia,974.3272557756045
Liang Na,974.1471076053352
Antonio Dos Santos,973.8475367947898
Steve Steinbeiss,973.7671002691487
Sean Sharaf,973.3548127257494
Cody East,973.3500666119894
Tom Blackledge,973.3109979311857
Felipe Olivieri,973.2836183366319
JP Buys,973.0100307776386
Connor Matthews,972.999040758723
Kelly Faszholz,972.6776023150745
Luis Gurule,972.3895482797168
Daniel Frunza,972.282473974732
Rashad Coulter,972.1764841176868
